Generation,Best fitness,Average fitness,Fitness standard deviation,Selection pressure,Heave.front.half_track_l.avg,Heave.front.roll_center.z.avg,Heave.front.tie_rod_angle_top_view_l.avg,Heave.front.toe_angle_l.avg,Heave.front.side_view_swing_arm_angle_l.avg,Steering.front.ackerman_angle.avg,Roll.front.roll_center.y.avg,Roll.front.camber_angle_gain_roll_r.avg,Steering.front.tie_rod_angle_front_view_l.avg,Heave.front.half_track_l.std_dev,Heave.front.roll_center.z.std_dev,Heave.front.tie_rod_angle_top_view_l.std_dev,Heave.front.toe_angle_l.std_dev,Heave.front.side_view_swing_arm_angle_l.std_dev,Steering.front.ackerman_angle.std_dev,Roll.front.roll_center.y.std_dev,Roll.front.camber_angle_gain_roll_r.std_dev,Steering.front.tie_rod_angle_front_view_l.std_dev,Heave.front.half_track_l.best,Heave.front.roll_center.z.best,Heave.front.tie_rod_angle_top_view_l.best,Heave.front.toe_angle_l.best,Heave.front.side_view_swing_arm_angle_l.best,Steering.front.ackerman_angle.best,Roll.front.roll_center.y.best,Roll.front.camber_angle_gain_roll_r.best,Steering.front.tie_rod_angle_front_view_l.best,
0,53.2251,99.2227,32.1051,0.53642,1.38531,68.2361,2.06592,1.15841,0.28423,2.41003,21.7998,0.537276,1.34555,1.48529,30.177,1.35217,1.24386,0.270167,3.02234,29.9849,0.620131,1.5689,0.280674,27.5867,0.0172917,0.105317,0.0203562,0.0554584,11.152,0.0236794,0.178451,
1,53.2251,94.6596,76.4808,0.562278,1.24205,53.7092,2.6183,1.0424,4.61037,1.83452,27.5905,0.402675,1.6096,0.502558,30.8894,1.51194,0.780036,10.1613,1.85058,71.0324,0.31213,0.894796,0.235423,18.5672,0.0172917,0.105317,0.0127792,0.0442906,8.32525,0.0236794,0.251865,
2,53.2251,74.9115,20.454,0.710506,1.08167,41.903,2.6909,1.21464,5.77266,1.20066,18.8147,0.277031,1.95619,0.38046,21.6119,1.60348,0.92407,8.88544,1.69929,11.2546,0.232004,1.02765,0.321023,18.5672,0.0172917,0.0605729,0.0408948,0.0201999,8.32525,0.0236794,0.251865,
3,53.2251,101.602,147.072,0.523861,0.990033,42.4774,2.51382,1.16035,5.8469,1.32636,45.1535,0.274567,1.85864,0.465133,22.9108,1.57436,0.927169,9.32787,1.46223,144.624,0.242869,1.20476,0.233128,22.2006,0.0172917,0.0605729,0.0408948,0.0201999,7.96831,0.0236794,0.251865,
4,53.2251,123.56,378.367,0.430764,0.973385,36.7081,1.95531,0.87134,6.22324,1.22092,73.9095,0.21761,1.48033,0.315133,17.5853,1.54406,0.620122,9.61753,1.26912,374.179,0.243872,1.00874,0.241342,27.2488,0.0172917,0.105317,0.0136947,0.0359194,8.07071,0.0236794,0.221589,
5,53.2251,75.6152,32.0174,0.703894,1.02967,39.3734,2.0262,1.05089,6.07254,1.49558,22.8171,0.226684,1.52308,0.426922,24.6109,1.53991,0.916492,10.9088,1.58622,52.2502,0.266837,1.03639,0.325653,17.6526,0.0172917,0.105317,0.0136947,0.0359194,7.86943,0.0229256,0.221589,
6,53.2251,69.5678,27.4736,0.765082,1.05568,37.5132,2.03517,0.885763,5.39155,1.32887,19.8743,0.207886,1.27542,0.358547,23.5236,1.5218,0.815159,10.1375,1.34765,9.15925,0.248047,0.788978,0.339507,16.0389,0.0172917,0.105317,0.0136947,0.0359194,4.71446,0.0229256,0.221589,
7,53.2251,69.0324,27.1138,0.771016,0.998752,36.1839,1.86182,0.953327,4.19816,1.51984,21.8645,0.191,1.26106,0.329317,20.2052,1.49119,0.877672,7.69343,1.80652,11.9523,0.214395,0.759632,0.39382,26.4906,0.0172917,0.105317,0.0108714,0.0359194,8.9574,0.0229256,0.251865,
8,52.9088,67.7011,29.7743,0.781505,1.02171,38.1347,1.47336,0.764207,2.09808,1.01568,21.8981,0.195081,1.10018,0.385247,24.9545,1.3645,0.753152,4.301,1.04856,11.3302,0.2675,0.79129,0.343567,26.6712,0.0172917,0.0626294,0.0108714,0.0359194,8.09216,0.0229256,0.217602,
9,52.9088,73.4326,39.7944,0.720508,1.05458,40.69,1.60303,0.791901,3.51296,1.37633,22.8979,0.231671,1.27425,0.429714,28.1816,1.49119,0.803201,7.87282,1.82965,19.4482,0.300117,0.942395,0.23229,23.7848,0.0172917,0.0626294,0.0108714,0.0259842,7.98407,0.0322852,0.238522,
10,52.8178,74.5549,47.0887,0.708442,1.00487,37.1954,1.4455,0.644511,5.05564,0.968459,26.8698,0.203496,1.16716,0.373738,21.8708,1.53846,0.753177,10.8443,1.25915,35.5614,0.235206,0.908173,0.26099,21.1713,0.0172917,0.0356695,0.0108714,0.0259842,8.16952,0.0322852,0.238522,
11,52.8178,73.8571,35.5598,0.715136,1.08407,40.7933,1.47354,0.672779,6.66566,1.43353,20.402,0.244084,1.08807,0.432979,28.9479,1.51122,0.6891,12.2814,1.75523,13.0432,0.304289,0.735406,0.34766,13.6457,0.0305215,0.0356695,0.0136947,0.0320561,8.03094,0.0322852,0.251865,
12,52.8178,72.3893,35.7914,0.729636,1.07125,42.001,1.40393,0.718538,3.43512,1.09345,21.3935,0.236867,1.03563,0.427391,28.0768,1.67042,0.868897,8.09755,1.68217,12.4912,0.303909,0.869594,0.322787,27.5478,0.0305215,0.0907027,0.0136947,0.0320561,8.06046,0.0322852,0.251865,
13,52.6738,120.621,362.387,0.436689,1.01286,37.9411,1.45306,0.687974,5.55071,1.07444,71.5757,0.222832,1.10204,0.391553,24.5159,1.67517,0.757509,10.8176,1.49118,360.786,0.293471,0.938009,0.241,15.2283,0.011174,0.0394328,0.0136947,0.0320561,5.68771,0.0322852,0.251865,
14,52.6738,78.0738,42.1374,0.674666,1.08773,44.502,1.54146,0.585491,5.18171,1.31164,22.3969,0.271686,1.19521,0.461923,31.2912,1.73427,0.661384,10.0269,1.79556,52.5231,0.338279,0.98642,0.233064,17.8125,0.011174,0.0394328,0.0136947,0.0320561,8.14595,0.0322852,0.251865,
15,52.6471,80.602,64.766,0.653174,0.89897,35.1039,1.40984,0.555552,5.06804,1.2981,35.1212,0.17961,0.966726,0.350943,21.665,1.66519,0.707596,12.2428,1.68963,55.4505,0.250783,0.858844,0.243348,12.7426,0.011174,0.0394328,0.0136947,0.0320561,10.5742,0.0302433,0.251865,
16,52.5629,102.889,222.967,0.510869,1.0523,42.3907,1.24064,0.591955,3.23915,1.17514,51.9839,0.244634,0.970717,0.505805,32.2882,1.61656,0.842787,8.05068,1.63032,216.462,0.347244,0.952418,0.240437,12.6955,0.011174,0.0394328,0.0136947,0.0320561,8.03673,0.0302433,0.251865,
17,52.5629,62.2535,23.5886,0.844335,0.936488,31.4738,0.962083,0.502375,3.97856,0.942225,22.5718,0.128615,0.75757,0.269361,15.771,1.32774,0.709828,10.471,1.45385,31.1033,0.186986,0.682221,0.363234,23.3114,0.011174,0.0394328,0.013083,0.0188696,8.28924,0.0248394,0.282979,
18,52.2482,78.8147,94.3526,0.662924,0.962229,36.6035,1.05011,0.545427,3.48997,1.09777,34.0632,0.179732,0.822863,0.372299,24.5423,1.33879,0.72143,9.93904,1.62941,86.154,0.269612,0.691163,0.249933,21.3251,0.011174,0.0394328,0.00657189,0.0188696,1.29142,0.033932,0.282979,
19,52.0441,99.4808,168.94,0.523158,0.992257,40.263,1.17088,0.573085,4.4737,1.04346,49.7905,0.222139,0.951736,0.439077,27.189,1.38219,0.617004,10.6154,1.57631,161.911,0.307687,0.962085,0.238375,17.7902,0.011174,0.0446509,0.00657189,0.0320561,7.71041,0.0244351,0.282979,
20,52.0441,77.6093,44.574,0.670591,0.922366,38.0685,1.39226,0.699821,5.50279,1.30301,28.4727,0.200061,1.0478,0.391838,22.3423,1.62117,0.781217,11.1584,1.95424,35.8225,0.252295,1.14704,0.232828,18.8419,0.0437783,0.0693156,0.00657189,0.0320561,4.6396,0.033932,0.282979,
21,52.0441,75.6286,36.9507,0.688154,1.0116,41.8107,1.4358,0.837658,4.72446,1.24924,23.1063,0.23113,1.22167,0.468685,28.7466,1.62167,1.01247,9.93233,1.64795,14.2997,0.318804,1.24429,0.338033,13.5431,0.0437783,0.0693156,0.00657189,0.0320561,7.94511,0.033932,0.282979,
22,52.0441,81.1843,63.4789,0.641062,1.01988,40.7683,1.45852,0.700295,3.77057,1.09909,31.0527,0.217041,1.09788,0.481479,30.3082,1.70876,0.898325,9.39192,1.72493,50.0649,0.322728,1.2401,0.225424,21.1886,0.0437783,0.0430698,0.00657189,0.0320561,10.1261,0.0119525,0.282979,
23,52.0441,76.0991,43.8286,0.683899,1.06091,44.0769,1.29133,0.535193,3.36021,1.00824,23.469,0.247142,1.05024,0.496575,34.327,1.6885,0.733087,8.97519,1.61551,20.5869,0.365041,1.15124,0.233237,22.0623,0.0437783,0.0430698,0.00657189,0.0320561,5.79514,0.033932,0.282979,
24,51.9658,80.3687,112.341,0.646592,0.935014,35.4299,1.03771,0.528446,2.71892,0.939817,37.7945,0.157562,0.82693,0.359161,23.5613,1.56966,0.698626,8.13021,1.61775,105.99,0.249644,0.923336,0.241163,27.5002,0.0437783,0.0430698,0.0104383,0.0276279,2.13278,0.033932,0.282979,
25,51.9658,73.1856,34.1634,0.710055,1.05175,38.8893,1.40451,0.715839,7.47421,1.20377,21.1299,0.214713,1.10171,0.45401,25.8267,1.75252,0.997623,14.6494,1.83749,20.6802,0.293309,1.11526,0.338736,16.2932,0.0437783,0.0430698,0.013083,0.0320561,0.509856,0.033932,0.282979,
26,51.9658,75.7507,63.2818,0.686011,0.958132,34.6612,1.18282,0.508269,5.75252,0.966733,30.7634,0.161817,0.795886,0.328572,19.6922,1.61893,0.68931,12.4611,1.49167,53.5805,0.230028,0.755268,0.247763,21.6683,0.0437783,0.0485399,0.013083,0.0320561,7.42251,0.033932,0.282979,
27,51.9658,113.859,273.945,0.456405,1.04203,42.1436,1.371,0.636213,4.07931,0.985127,62.4035,0.241874,0.956261,0.501319,29.1183,1.77946,0.913946,10.3692,1.56442,269.459,0.355696,1.12514,0.227841,23.1011,0.0097229,0.0485399,0.013083,0.0318579,3.55725,0.033932,0.20363,
28,51.9658,84.8884,109.383,0.612166,0.865799,32.7624,1.18557,0.576555,5.1214,0.907504,42.5018,0.145794,0.821644,0.313624,17.4684,1.59975,0.775517,12.198,1.37154,103.066,0.202131,0.83217,0.233487,12.3349,0.0097229,0.0485399,0.013083,0.0320561,0.140182,0.033932,0.282979,
29,51.9658,103.384,169.795,0.50265,0.866835,35.5172,1.3187,0.644263,3.84898,1.16161,58.9102,0.170159,0.945698,0.367397,20.4889,1.62087,0.794232,10.1454,1.73848,161.495,0.23945,0.999341,0.231957,12.0448,0.0097229,0.0485399,0.0106627,0.0313643,8.72324,0.033932,0.282979,
30,51.9658,99.7882,167.391,0.520761,0.953138,38.1111,1.44471,0.60576,5.6857,1.09412,50.6104,0.204759,1.07842,0.439709,27.2576,1.71749,0.788996,12.7956,1.74882,159.15,0.30216,1.20125,0.229413,20.8329,0.0097229,0.0485399,0.0113291,0.0313643,7.16879,0.0162088,0.282979,
31,51.9658,67.03,30.769,0.775262,0.982525,36.5922,1.25486,0.714975,3.62222,0.792552,22.0202,0.166596,0.883907,0.400134,24.2183,1.73142,0.992628,9.39448,1.34862,29.9223,0.266691,1.03732,0.354316,15.1145,0.0097229,0.0367117,0.0113291,0.0237906,1.93561,0.033932,0.282979,
32,51.9658,73.7783,37.2406,0.704351,1.07977,43.1629,1.26002,0.702832,4.80089,1.19684,20.235,0.241508,1.09848,0.50692,33.9321,1.61062,1.07142,10.6101,1.81128,6.97877,0.366172,1.22296,0.446995,16.177,0.0097229,0.0485399,0.00964893,0.0237906,7.33205,0.0359097,0.282979,
33,51.9658,81.1004,69.4634,0.640759,1.02831,42.7959,0.975015,0.469195,3.82288,0.861016,30.0214,0.231908,0.894824,0.493189,32.9698,1.30553,0.698046,9.98373,1.43669,57.7493,0.352724,0.951207,0.237627,22.0119,0.0097229,0.0343779,0.0113291,0.0237906,4.94125,0.0274202,0.282979,
34,51.8815,85.1944,85.8357,0.608978,1.05171,42.4608,1.50631,0.59861,5.50177,1.18204,31.5364,0.240889,1.11586,0.495635,31.926,1.78316,0.785729,11.3006,1.90621,74.1274,0.342595,1.22101,0.229174,17.9151,0.00245608,0.0485399,0.0113291,0.0237906,8.09571,0.0421373,0.282979,
35,51.8815,70.3429,31.2944,0.737552,0.995824,36.0758,1.36146,0.594909,7.60764,1.07461,21.3379,0.187138,1.10754,0.371201,24.307,1.80902,0.827136,14.4898,1.75672,16.468,0.268,1.23264,0.332202,13.8207,0.00245608,0.0485399,0.0113291,0.0149092,3.36261,0.0421373,0.282979,
36,51.7494,110.769,275.119,0.467182,1.03832,41.2075,1.30032,0.558481,4.92568,0.931757,59.6132,0.227522,0.966404,0.45776,27.2685,1.76668,0.915145,10.9895,1.49375,269.637,0.318711,1.13815,0.240064,15.1062,0.00245608,0.0320486,0.0113291,0.0219443,8.14253,0.0389588,0.264161,
37,51.7494,74.1856,37.1439,0.697567,1.07899,42.9804,1.15426,0.479104,5.21655,1.11089,21.0128,0.241386,0.911214,0.469035,30.4004,1.52871,0.732827,10.4874,1.91271,40.4736,0.335744,1.06264,0.288854,17.0703,0.00245608,0.0320486,0.00888214,0.0219443,7.93481,0.0389588,0.295991,
38,51.6884,78.296,79.8534,0.660166,0.972082,36.9746,0.998584,0.669672,2.8019,0.878845,33.9115,0.171423,0.917464,0.427831,24.9562,1.51324,1.0657,7.9589,1.54554,70.0178,0.276105,1.08888,0.226037,22.2069,0.00245608,0.0320486,0.00888214,0.0219443,8.38556,0.0389588,0.295991,
39,51.6884,87.2033,89.2678,0.592734,0.97235,39.7875,1.49526,0.478292,4.4954,0.658499,38.12,0.209698,0.986299,0.460484,29.3018,2.04326,0.671029,11.3949,1.22794,78.7059,0.317172,1.02598,0.235512,22.5068,0.00245608,0.0443919,0.00888214,0.0219443,7.87908,0.0389588,0.295991,
40,51.6587,72.0973,49.4294,0.716514,0.989737,37.9054,1.0489,0.535956,3.49314,0.90631,26.1563,0.180614,0.881004,0.424324,28.033,1.60275,0.888209,9.93598,1.79698,36.9037,0.301813,1.0656,0.246856,12.1948,0.00245608,0.0443919,0.00671978,0.0219443,8.59351,0.0389588,0.294709,
41,51.6587,95.9592,96.1267,0.53834,0.976345,42.4434,1.19813,0.410809,3.28247,1.08766,45.3995,0.22782,0.933195,0.477033,28.4708,1.5624,0.616889,8.65722,1.90532,85.6222,0.324686,1.03081,0.243594,12.8832,0.00245608,0.0338978,0.00671978,0.0219443,8.05917,0.0389588,0.294709,
42,51.6587,74.011,47.6842,0.697987,0.966038,35.2583,1.20483,0.491529,6.56067,1.14288,27.2915,0.171193,0.924088,0.372353,23.7191,1.63167,0.656099,13.6813,1.90664,38.2154,0.249535,0.961411,0.246783,22.2925,0.00245608,0.0338978,0.00671978,0.0219443,8.02364,0.0389588,0.294709,
43,51.6587,70.3912,62.6402,0.733881,0.897444,32.7666,0.734527,0.249603,2.29886,0.440847,32.2786,0.121168,0.603506,0.303427,19.6936,1.42858,0.33432,9.6223,1.17203,52.3803,0.218629,0.757282,0.244345,24.2415,0.00245608,0.0338978,0.00671978,0.0230493,9.44084,0.0389588,0.294709,
44,51.6587,76.2867,38.9907,0.677166,1.07252,42.6996,1.39902,0.767054,5.96774,1.53454,21.5502,0.246192,1.04976,0.526386,31.2918,1.93938,1.16816,13.4103,2.53957,16.1735,0.371082,1.2133,0.41121,15.1027,0.018303,0.0397846,0.00671978,0.0230493,3.91166,0.0389588,0.294709,
45,51.428,76.8091,52.2742,0.669556,0.990645,39.9774,1.17138,0.499145,4.54951,0.934017,27.6118,0.209785,0.865333,0.459671,30.239,1.77472,0.83137,11.7195,1.77859,33.5996,0.324813,1.11443,0.226897,13.8145,0.018303,0.0443919,0.00671978,0.0230493,8.19386,0.0389588,0.294709,
46,51.428,87.4926,125.258,0.587798,0.982541,36.7118,1.31744,0.688911,5.96369,1.13749,39.4685,0.187425,1.03482,0.424149,25.4743,1.888,0.997176,12.6581,1.99416,116.315,0.280237,1.30859,0.238752,15.2568,0.018303,0.0443919,0.00671978,0.0230493,9.0966,0.0389588,0.258232,
47,51.416,81.1942,66.6902,0.633247,0.987016,41.8612,1.14232,0.572787,1.57893,1.01609,32.9953,0.212413,0.82813,0.472206,29.9854,1.74619,0.96463,6.52062,1.94841,52.1528,0.328511,0.990753,0.243448,27.4436,0.00836377,0.0443919,0.00671978,0.0230493,8.18281,0.0389588,0.289827,
48,51.416,1473.02,9336.39,0.0349052,0.915343,38.5172,1.12728,0.500037,3.17295,1.15063,1426.44,0.3161,0.875498,0.40454,25.244,1.70313,0.687343,9.30024,2.03441,9433.65,0.881522,0.968728,0.239997,22.8715,0.00836377,0.0443919,0.00671978,0.0230493,8.22663,0.0389588,0.294033,
49,51.416,99.6465,150.004,0.515984,0.983493,40.5695,1.41658,0.621846,4.60766,0.827484,49.4677,0.219772,0.932534,0.478172,25.6027,2.01121,0.878184,10.3198,1.46751,1369.86,0.308781,1.12376,0.224587,23.8201,0.00652374,0.0443919,0.0126941,0.0230493,8.79823,0.0389588,0.294033,
50,51.416,147.556,533.626,0.348451,0.918865,37.7994,0.952251,0.509031,5.11747,1.30583,100.029,0.212332,0.711289,0.382154,21.1627,1.55251,0.689626,10.444,2.23229,531.045,0.316702,0.871476,0.227755,17.278,0.00836377,0.0339211,0.0126941,0.0230493,3.37061,0.0389588,0.292062,
51,51.416,101.325,182.054,0.507434,1.0027,39.5921,1.23226,0.583618,6.5208,1.03422,50.08,0.218702,1.06112,0.438918,27.9135,1.82408,0.882259,13.2951,1.70666,188.585,0.308464,1.13487,0.241323,17.8143,0.00836377,0.0443919,0.0126941,0.0230493,2.39797,0.0389588,0.292152,
52,51.416,110.25,175.179,0.46636,0.92278,37.967,0.90563,0.462487,3.28458,0.674596,64.877,0.184289,0.971149,0.428214,24.5736,1.49036,0.810596,9.44083,1.11878,164.309,0.282237,1.25013,0.238205,16.9353,0.00269321,0.0443919,0.00533607,0.0230493,6.04629,0.0389588,0.29387,
53,51.416,73.695,38.4762,0.697686,1.02291,40.632,1.06705,0.731924,3.63734,1.11338,24.4359,0.209762,0.844701,0.487583,26.5398,1.62418,1.08761,9.07675,1.99663,43.3049,0.301771,1.03047,0.327923,24.7401,0.00269321,0.0747946,0.00533607,0.0260491,7.93406,0.0479069,0.294033,
54,51.416,65.2921,27.639,0.787477,0.938023,34.1483,1.04345,0.631397,3.71377,0.970568,22.8107,0.146492,0.889412,0.36239,21.8682,1.67023,0.813681,10.2462,1.83345,8.90756,0.245101,0.960216,0.372146,13.4471,0.00269321,0.076554,0.00533607,0.0260491,10.1221,0.0305496,0.294033,
55,51.2983,68.273,32.8043,0.75137,1.02363,38.0393,0.893867,0.61341,4.51398,0.678723,21.4604,0.18571,0.863923,0.444374,26.4252,1.51927,1.0483,10.3244,1.27788,8.65735,0.291345,1.0839,0.405749,18.2428,0.00269321,0.076554,0.00533607,0.0250102,7.82185,0.0479069,0.293156,
56,51.2983,15460,107689,0.00331813,1.00501,37.3025,1.27344,0.579823,7.26938,0.87646,15410.3,0.258732,1.16949,0.435129,25.954,1.86573,0.753835,13.9445,1.67471,106603,0.544191,1.38353,0.239561,16.7378,0.00836377,0.076554,0.00533607,0.025765,6.00022,0.0489475,0.294033,
57,51.272,66.922,32.0402,0.766145,0.920082,34.6097,0.969245,0.44121,3.93292,0.958676,24.1007,0.151338,0.838026,0.373269,23.9601,1.60455,0.543077,11.1112,1.76715,15231.3,0.283901,1.131,0.357374,10.7904,0.00836377,0.076554,0.00533607,0.025765,3.82902,0.0365827,0.294621,
58,51.272,69.8825,35.5014,0.733688,1.02605,39.5506,1.04932,0.556132,3.23903,0.860656,22.5933,0.199516,0.807904,0.455287,28.1435,1.69948,0.961839,9.14617,1.66485,13.1199,0.3103,1.04374,0.338383,21.8881,0.00836377,0.076554,0.00533607,0.0230771,8.22461,0.0485863,0.294621,
59,51.2538,83.9985,81.8272,0.610175,0.961425,38.0441,1.27707,0.596165,5.98487,1.16313,34.9193,0.203601,0.848858,0.423412,27.4402,1.78362,0.902651,12.4911,1.88812,72.2651,0.288329,0.904513,0.236976,12.7,0.00836377,0.0886338,0.00533607,0.0230771,7.93219,0.0489475,0.24186,
60,51.2538,94.1853,179.095,0.544181,0.951819,35.2487,1.49989,0.751203,7.05109,1.14753,46.3696,0.179309,0.986228,0.385486,22.6436,2.02895,1.05953,13.7076,1.99442,172.901,0.259282,1.0581,0.237239,12.2468,0.0159392,0.128527,0.00545399,0.0230771,5.22091,0.0243605,0.292997,
61,51.1107,75.9641,47.5237,0.672827,0.941031,38.2572,1.31501,0.583327,3.79703,1.02816,29.0129,0.192416,0.83697,0.424757,24.3374,2.13326,0.774945,10.8081,1.80732,37.2734,0.267896,0.923418,0.248575,21.3343,0.0159392,0.128527,0.00545399,0.0230771,6.54117,0.0489475,0.271283,
62,51.1107,75.5882,56.1422,0.676173,1.01848,40.2049,0.872628,0.441681,3.95135,0.773416,27.3901,0.210591,0.725042,0.486372,32.5632,1.65554,0.694193,11.4471,1.57544,41.2639,0.342533,0.851994,0.243823,19.2818,0.00297543,0.128527,0.00545399,0.0230771,8.36608,0.0479482,0.292997,
63,51.1107,75.8874,51.4735,0.673508,0.988992,40.1148,1.2001,0.544614,3.27152,0.617827,27.9797,0.205495,0.964393,0.47135,29.3167,1.95934,0.713728,8.81834,1.12378,33.7764,0.316371,1.14764,0.226663,20.2423,0.00297543,0.0542808,0.00545399,0.0296615,3.53589,0.0479482,0.292997,
64,51.1107,827.93,5332.32,0.0617331,0.935453,35.6729,0.591572,0.453584,1.48376,0.440037,787.357,0.310987,0.685447,0.373322,23.3004,1.56999,0.67515,6.69206,0.971994,5380.9,1.20617,0.912181,0.228334,27.5344,0.00297543,0.11265,0.00545399,0.0296615,8.09224,0.0491101,0.292997,
65,51.1107,94.0183,160.004,0.543625,0.937115,37.0362,0.872275,0.464265,2.15832,0.739703,50.8958,0.16926,0.745408,0.41571,26.2391,1.70418,0.687257,7.46361,1.66101,751.734,0.315007,0.933708,0.244046,21.7735,0.00349827,0.128527,0.0038131,0.0296615,8.96788,0.0503867,0.294064,
66,51.1094,75.1685,48.9255,0.679931,0.944294,36.0225,1.0514,0.743199,6.13325,1.33035,27.6688,0.184826,1.08982,0.40168,26.4786,1.63528,0.959239,13.1055,2.25489,41.7538,0.276022,1.17112,0.261,11.4905,0.00375517,0.128527,0.0038131,0.0296615,8.23233,0.0503867,0.294064,
67,51.1094,82.9733,65.1943,0.615973,0.984802,41.6237,1.00964,0.564633,3.4756,0.844375,33.3314,0.224341,0.914843,0.493235,30.5506,1.70735,0.835894,10.4558,1.49097,51.1815,0.322723,1.11583,0.244091,13.3159,0.00375517,0.0934067,0.00345799,0.0296615,7.83326,0.0503867,0.293818,
68,51.0906,66.9995,38.9086,0.762552,0.960074,37.3821,0.722021,0.397376,2.2286,0.6978,23.6739,0.172282,0.765263,0.432489,30.8279,1.62867,0.523998,8.74669,1.6055,19.7504,0.316875,1.03915,0.232974,15.8821,0.00330204,0.0934067,0.00345799,0.0296615,10.9212,0.0503867,0.293818,
69,51.0906,75.7839,38.459,0.674162,1.04895,42.6659,1.34789,0.799562,5.1593,1.17636,22.2903,0.244099,1.05149,0.498217,31.8843,1.96956,1.13475,11.7784,1.91448,13.121,0.347126,1.12696,0.342151,11.9762,0.00330204,0.0934067,0.00345799,0.0309545,0.356095,0.0503867,0.294567,
70,51.0889,88.5088,122.608,0.577219,0.890202,36.991,1.032,0.649371,3.69306,0.886818,43.1941,0.179374,0.992905,0.399484,20.2856,1.76007,0.881079,9.32953,1.44558,116.846,0.241388,1.15165,0.232492,25.4532,0.00330204,0.0930513,0.00516238,0.0309545,6.47676,0.0401565,0.291687,
71,51.0889,150.367,389.967,0.339763,0.866218,36.8634,0.968,0.535299,2.75362,0.86618,106.46,0.189834,0.863785,0.347156,18.5502,1.79198,0.655219,8.07558,1.63805,386.858,0.266789,1.03134,0.238109,27.5444,0.00241043,0.119353,0.00453829,0.0309545,7.89056,0.0279846,0.293953,
72,51.0889,75.1434,67.1105,0.679886,0.934203,35.4763,0.935357,0.48547,4.68145,0.756226,30.8637,0.165973,0.8447,0.366619,20.8939,1.69583,0.659653,11.4169,1.60641,94.6771,0.237918,1.1239,0.237372,20.546,0.00241043,0.110607,0.0028558,0.0309545,3.68905,0.0505807,0.29386,
73,51.0883,93.0864,216.95,0.548827,0.945009,34.4165,0.645997,0.449423,2.90838,0.684304,52.1631,0.146258,0.727335,0.341275,19.6988,1.52891,0.800374,8.87199,1.66313,210.142,0.232388,1.09382,0.24081,21.2691,0.00241043,0.110607,0.0028558,0.0309545,2.07254,0.0501371,0.29386,
74,51.072,78.8044,61.9895,0.648085,0.956766,38.1782,0.99549,0.672018,4.50806,0.944793,31.3994,0.190533,0.959192,0.427564,24.8038,1.60347,0.949273,10.1536,1.52414,54.0586,0.279413,1.05581,0.248134,18.0867,0.00241043,0.110607,0.0028558,0.0381646,8.37228,0.0512248,0.276872,
75,51.072,91.2636,141.731,0.559609,0.941846,36.2375,1.21901,0.450823,6.34038,0.777226,44.1998,0.18503,0.912032,0.34058,21.2811,2.02186,0.516548,12.7599,1.48544,133.818,0.249237,1.05512,0.23884,16.9363,0.00241043,0.142375,0.0028558,0.0381646,5.90517,0.0528164,0.293825,
76,51.072,69.0488,34.5834,0.73965,0.997733,38.3675,0.822158,0.621619,3.60296,0.796407,22.8808,0.186823,0.772869,0.422157,26.337,1.57633,1.0236,9.9785,1.43597,24.055,0.289718,0.950942,0.332623,23.3761,0.00241043,0.0715009,0.0028558,0.0381646,8.3277,0.0313239,0.293825,
77,51.069,66.4471,28.668,0.768566,0.932783,34.8129,1.03698,0.579972,5.22128,0.86018,21.9817,0.158158,0.863232,0.305602,19.9972,1.78892,0.800438,10.3246,1.64816,10.7672,0.225153,0.974178,0.321983,21.7066,0.00241043,0.0408331,0.0028558,0.0381646,4.65473,0.0529707,0.291135,
78,51.069,390.961,2314.79,0.130624,0.981004,34.5932,0.582397,0.532666,2.74368,0.35691,350.301,0.236513,0.633252,0.375757,20.1307,1.59554,0.956743,8.7194,1.06928,2332.33,0.752377,0.859229,0.229531,25.5101,0.00241043,0.127389,0.00358713,0.0381646,8.0081,0.0521319,0.293825,
79,51.059,483.309,2699.64,0.105645,1.04018,43.562,1.10428,0.528717,4.72643,0.866098,430.205,0.371814,0.903914,0.514837,34.1742,1.79447,0.749015,11.0146,1.63025,2687.73,0.920821,1.01956,0.231381,12.7125,0.00339072,0.135297,0.00358713,0.0430607,5.86124,0.0532551,0.290354,
80,51.059,67.8534,34.7038,0.75249,0.998116,38.3779,0.655287,0.452639,3.25284,0.777117,22.4533,0.188652,0.697584,0.432532,29.9849,1.50449,0.670443,10.3705,1.63486,403.787,0.362951,0.853765,0.369238,22.4944,0.00115716,0.135297,0.00358713,0.042563,8.49675,0.0532551,0.293132,
81,51.059,73.6548,55.7007,0.69322,1.05376,41.5116,0.959765,0.382462,2.63315,0.545471,25.6384,0.214306,0.715885,0.462072,30.5599,1.94368,0.629961,7.72687,1.2772,40.7494,0.338618,0.850008,0.242405,27.5926,0.00339072,0.0903596,0.00358713,0.042563,8.10203,0.0532551,0.293132,
82,51.059,76.7501,44.8332,0.665263,1.03382,42.2194,1.11805,0.644874,5.45786,0.964978,24.1083,0.237329,0.965509,0.46172,29.0582,1.73366,0.965046,10.7767,1.66859,24.6248,0.320347,1.22422,0.229433,14.6614,0.00339072,0.105195,0.00371522,0.042563,8.02113,0.052613,0.210663,
83,51.0511,94.47,113.907,0.540395,0.902383,34.5637,1.12646,0.50161,4.94914,1.16808,50.2021,0.161159,0.895382,0.379471,18.2445,1.96972,0.943109,12.2418,2.31681,105.846,0.217484,1.05804,0.23568,20.9353,0.00339072,0.12683,0.00371522,0.0392956,9.31715,0.0532551,0.293132,
84,51.0511,69.3571,50.1727,0.736062,0.917314,31.7591,0.810167,0.383643,5.80404,0.579267,28.172,0.134282,0.797242,0.273425,15.8356,1.74443,0.596715,13.5595,1.40341,43.9181,0.189972,1.10608,0.22909,14.951,0.00339072,0.0712896,0.00371522,0.0392956,8.26545,0.0522292,0.293831,
85,51.0511,95.7791,109.996,0.533008,0.969579,40.4698,1.18362,0.486827,3.54575,1.00936,47.0215,0.215489,0.877249,0.47038,30.6357,1.90767,0.689501,10.5409,1.97842,99.7336,0.325174,1.05396,0.229369,22.7812,0.00206417,0.084305,0.00354992,0.0399594,8.15872,0.0522292,0.293831,
86,51.0511,74.0205,71.8468,0.689688,0.932575,33.9819,0.701991,0.412736,3.71401,0.770347,32.7408,0.146545,0.619636,0.354574,22.4863,1.57907,0.713716,11.2248,1.7857,62.3349,0.251436,0.74205,0.240457,14.6942,0.00134006,0.084305,0.00354992,0.0399594,6.9991,0.0522292,0.293312,
87,51.0511,73.7157,46.2339,0.69254,1.01664,38.4185,1.24295,0.715562,5.20766,0.993566,24.96,0.19991,0.960925,0.456133,26.7763,1.73881,1.12294,11.2221,1.63247,30.606,0.292964,1.10931,0.22654,24.186,0.00134006,0.115596,0.00354992,0.0399594,7.56721,0.0534404,0.292598,
88,51.0484,88.5675,166.106,0.576379,0.898158,31.9022,0.379093,0.247264,2.50549,0.522617,51.4562,0.119068,0.537393,0.270466,14.8545,1.39666,0.263345,9.42404,1.41735,159.192,0.203095,0.810594,0.237404,24.8129,0.00134006,0.115596,0.00354992,0.0399594,8.15699,0.0534404,0.293312,
89,51.0484,98.2463,172.889,0.519596,1.01796,43.512,1.00965,0.494454,2.40084,0.77213,47.9408,0.238521,0.859993,0.502557,33.7467,1.98801,0.774073,7.00525,1.69539,164.233,0.371037,1.1385,0.230155,27.6011,0.00134006,0.135297,0.00354992,0.041348,8.15429,0.0543029,0.293312,
90,51.0467,70.8111,36.1597,0.720886,1.02999,40.2919,1.04058,0.425554,5.11741,1.01743,20.8098,0.21665,0.861812,0.433633,30.132,1.76109,0.649506,11.0314,1.87465,24.1663,0.32188,1.0269,0.376929,14.7421,0.00127946,0.0960607,0.00371522,0.0418801,2.11773,0.0541002,0.293312,
91,51.0467,74.5964,38.6016,0.684305,1.05871,43.8281,0.978912,0.573945,3.83394,1.01683,22.1967,0.244911,0.864331,0.510079,32.2284,1.74641,0.869416,9.01665,1.84666,12.2692,0.349508,1.00319,0.331773,15.9312,0.00134006,0.0507306,0.00371522,0.0418801,2.30192,0.0303591,0.293312,
92,51.0411,68.471,33.7224,0.745441,1.0612,39.4961,0.872704,0.543823,4.78502,0.670713,19.9626,0.201648,0.877283,0.436208,28.3084,1.64514,0.8991,10.624,1.67271,6.36874,0.31186,1.0939,0.489542,23.8297,0.00134006,0.135297,0.00371522,0.0377127,8.08603,0.0541002,0.293312,
93,51.032,126.413,309.573,0.403693,0.885677,33.8737,0.933919,0.577312,2.25755,0.621354,86.189,0.146827,0.927739,0.340911,16.7008,1.78478,0.803375,7.61864,1.37358,308.427,0.213336,1.17503,0.226192,27.4955,0.00134006,0.135996,0.00339222,0.0418801,10.3028,0.0434682,0.293312,
94,51.032,75.0611,45.5596,0.679873,1.0233,39.5437,1.19139,0.715397,5.33334,1.26851,24.696,0.212126,1.07726,0.481479,28.5641,1.91965,1.09342,12.0699,2.26764,66.1998,0.312276,1.27532,0.226765,21.8355,0.00206417,0.0390421,0.00339222,0.0430607,8.07644,0.0440489,0.293312,
95,51.032,80.5103,54.5642,0.633857,0.975458,39.914,1.1196,0.457974,6.07119,1.18744,29.6295,0.219203,0.935942,0.439004,27.5464,1.84175,0.703757,12.8969,1.98998,37.7615,0.300672,1.13332,0.226866,13.7294,0.0027536,0.0702919,0.00339222,0.0430607,8.09252,0.0541538,0.293312,
96,51.032,70.8712,35.6066,0.720067,1.04774,40.2441,1.12245,0.583741,4.36874,0.724982,21.6947,0.210494,0.874286,0.471945,28.6358,1.87314,0.930778,10.0532,1.53717,14.4956,0.312023,1.08282,0.346791,25.7296,0.0027536,0.0205597,0.00339222,0.0430607,4.56185,0.0522686,0.293195,
97,51.032,72.8442,43.8527,0.700564,1.04759,41.7387,0.976697,0.514985,3.06991,0.706643,23.7394,0.219613,0.830582,0.478808,31.9041,1.87852,0.809809,9.57128,1.61556,20.2427,0.344366,1.08459,0.233601,27.6011,0.0022876,0.141683,0.00339222,0.0430607,7.86584,0.0543029,0.293312,
98,51.0289,77.654,59.2129,0.657131,1.05566,42.0135,0.922574,0.463623,4.89297,0.862195,26.3802,0.229543,0.833669,0.46146,29.4993,1.62901,0.767865,10.4932,1.56192,44.2599,0.325404,1.03583,0.25852,12.8851,0.0022876,0.139472,0.00339222,0.0553433,8.19407,0.0543042,0.293312,
99,51.0079,70.8373,35.9119,0.720072,1.06623,40.3802,0.915765,0.521859,5.98888,0.90326,19.9853,0.218273,0.857533,0.445963,29.4097,1.70168,0.877152,12.4713,1.65033,9.73072,0.320834,1.0654,0.39294,18.4313,0.00122204,0.141683,0.00339222,0.0529478,5.11335,0.0543042,0.293327,
100,51.0079,74.5698,56.5402,0.68403,0.943759,37.2986,0.964401,0.533428,2.98934,0.600777,30.248,0.177642,0.813843,0.432715,27.6487,1.78301,0.803177,9.77204,1.1986,42.8112,0.289737,1.03384,0.228799,18.7167,0.00122204,0.141683,0.00324489,0.0470928,4.06605,0.0546166,0.293327,
101,51.0079,96.7973,104.283,0.526956,0.97726,41.8391,1.0293,0.636986,4.13319,1.12246,45.8406,0.23122,0.98716,0.473239,28.0261,1.65316,1.02031,10.5284,1.97815,91.7359,0.318453,1.0803,0.242307,16.8128,0.00122204,0.141683,0.00324489,0.0470928,1.9344,0.0546166,0.293383,
102,50.998,74.1963,36.7558,0.687338,1.07247,42.3005,1.18135,0.699633,5.59096,0.848634,21.2129,0.236395,1.05343,0.464148,28.5192,1.88753,1.00533,10.9143,1.59945,27.1967,0.318219,1.17942,0.400891,21.9151,0.00122204,0.086969,0.00175759,0.0395783,6.98256,0.0546166,0.293383,
103,50.998,85.205,89.403,0.598532,0.976835,39.4822,1.00094,0.568132,3.60086,0.983031,37.5685,0.200192,0.824402,0.435979,25.6007,1.75066,0.981758,9.60957,1.7271,79.8948,0.285398,1.10702,0.243936,23.7,0.00122204,0.142993,0.00175759,0.0470928,3.51879,0.0467447,0.271385,
104,50.998,73.2304,47.0864,0.696405,1.0131,38.4105,1.13839,0.484428,5.30834,0.82482,25.0976,0.200234,0.753047,0.42775,27.4886,1.97591,0.735749,12.6618,1.64421,34.0584,0.296332,0.874508,0.255263,16.0654,0.00122204,0.142993,0.00175759,0.0470928,0.0853753,0.0549061,0.293325,
105,50.998,65.6025,28.8166,0.777379,0.954455,34.4008,0.822656,0.524927,5.0545,0.522696,22.3199,0.157867,0.844638,0.343746,20.7305,1.72968,0.73915,12.0853,1.00648,10.7099,0.232001,1.08917,0.365458,13.5049,0.00122204,0.142993,0.00175759,0.0470928,8.29973,0.0549061,0.206566,
106,50.998,78.3747,55.5559,0.650694,0.967637,39.8932,1.128,0.544638,2.98983,1.30619,30.5186,0.201182,0.825478,0.45037,28.4055,1.90562,0.83349,8.23918,2.487,39.7537,0.309675,0.980186,0.259712,14.6981,0.0012622,0.137938,0.00159948,0.0611861,8.34332,0.0485502,0.29331,
107,50.9835,69.4981,33.0646,0.733596,0.983668,36.9364,1.17582,0.603239,6.16072,0.762732,21.6355,0.191075,1.04894,0.408417,27.488,1.97076,0.859575,13.0858,1.56813,10.4016,0.292497,1.3462,0.39651,14.8695,0.0012622,0.0561323,0.00159948,0.0611861,3.79111,0.0549942,0.293325,
108,50.9829,81.5196,88.8184,0.625406,1.02786,40.785,1.02073,0.490216,4.15729,0.722257,32.2497,0.216321,0.850202,0.4555,29.0592,1.93572,0.694018,10.2927,1.49598,78.1572,0.31848,1.11748,0.235156,14.2654,0.00124847,0.138173,0.00157509,0.0611861,7.86634,0.0549942,0.293325,
109,50.9829,68.5571,49.7792,0.743655,0.911047,34.9388,0.603674,0.365362,2.17351,0.634574,28.1429,0.147776,0.63947,0.379048,21.3849,1.39238,0.624277,7.58541,1.39773,38.3273,0.249911,0.896779,0.257826,17.9085,0.00124847,0.138173,0.00157509,0.0600815,9.5797,0.0549942,0.293285,
110,50.9829,89.6668,103.122,0.568581,1.05941,43.822,1.02527,0.688636,3.21054,1.18561,37.4551,0.243905,0.976293,0.533043,32.0974,1.83149,1.18862,8.42609,2.19704,92.6699,0.35149,1.14384,0.246711,27.6066,0.00124847,0.0535944,0.00157509,0.0570298,8.0376,0.0549942,0.293238,
111,50.9829,103.545,164.421,0.492374,0.994361,42.7038,1.05377,0.415061,2.72504,0.856486,53.7804,0.235854,0.780362,0.51629,31.2571,1.80233,0.645223,8.15857,1.56221,156.083,0.340463,0.940391,0.226875,19.6788,0.0012703,0.0968544,0.00157509,0.0585249,8.20768,0.0549204,0.293238,
112,50.9797,63.7682,27.1483,0.799454,0.935531,33.5878,0.821896,0.438224,4.66614,0.781022,21.5816,0.143338,0.812604,0.329947,19.5801,1.65134,0.697108,11.3378,1.5635,32.5452,0.244753,1.04648,0.324381,17.449,0.00138526,0.131596,0.00146642,0.0576064,4.80432,0.054627,0.293238,
113,50.9797,73.2768,69.3163,0.695714,1.00965,38.9461,0.682021,0.533199,1.5683,0.721895,28.9377,0.183821,0.694205,0.436962,27.6936,1.52981,0.960632,5.80704,1.58222,57.6483,0.304122,0.941048,0.252283,27.6066,0.00167947,0.142249,0.000784789,0.0576064,8.44748,0.0549972,0.293238,
114,50.9797,80.1832,51.6756,0.635791,1.06624,42.9861,1.25295,0.783483,5.48609,1.32039,26.1008,0.24812,0.939096,0.537328,30.668,1.88323,1.08845,11.0562,2.10697,34.6502,0.339195,1.05731,0.247268,13.5308,0.00122719,0.142249,0.000784789,0.0576064,7.95823,0.0549633,0.293238,
115,50.9797,108.94,243.157,0.467963,0.974719,42.1848,0.906715,0.602067,0.612841,1.07688,61.6009,0.2239,0.756916,0.506976,31.8514,1.67588,0.950518,5.83264,2.12773,238.143,0.350976,1.03203,0.22801,27.6031,0.00115429,0.14342,0.000784789,0.0576064,8.38944,0.0271397,0.293176,
116,50.9759,74.8305,68.407,0.681219,0.970116,37.6469,0.869584,0.48004,2.23899,0.825346,30.9343,0.175862,0.689382,0.413611,26.4791,1.67883,0.865303,7.15748,1.73958,64.0969,0.282527,0.827652,0.237126,22.4032,0.00122719,0.138043,0.000784789,0.0655764,10.4974,0.0549633,0.293176,
117,50.9688,72.2498,49.5648,0.705453,0.932853,35.6183,0.921163,0.489748,4.27828,1.00334,28.0651,0.165257,0.775709,0.388923,22.4118,1.60449,0.84244,10.2681,1.83153,36.5337,0.246644,0.979228,0.263703,15.9853,0.00122719,0.0913135,0.000664714,0.0655764,4.39742,0.0549633,0.293176,
118,50.9688,110.895,281.178,0.459613,1.02475,40.292,1.03006,0.499816,4.7946,1.42274,60.8134,0.223223,0.794634,0.424348,25.4485,1.70988,0.733967,10.0544,2.50351,275.993,0.31207,0.898887,0.232187,21.5348,0.00122719,0.14342,0.000664714,0.0598353,4.02614,0.0549633,0.293176,
119,50.9688,102.652,210.308,0.496522,1.07081,43.9519,1.04722,0.626725,4.42352,1.26847,49.0928,0.251767,0.91848,0.515013,34.1671,1.67542,0.889697,10.0185,2.12631,204.247,0.370867,1.01815,0.230766,21.3387,0.00122719,0.14342,0.000664714,0.0452373,8.62317,0.0100557,0.228948,
120,50.9688,76.2218,44.9549,0.668691,0.934937,38.5842,0.997605,0.604894,3.55249,0.98928,29.4322,0.19496,0.931311,0.43935,24.9786,1.62881,0.860814,9.68313,1.6046,34.693,0.276536,1.11498,0.311919,23.1983,0.00122719,0.065901,0.000664714,0.0599311,7.85438,0.0549633,0.292953,
121,50.9688,69.5209,35.4641,0.733144,1.02191,38.9786,0.96196,0.471656,4.10041,0.772755,22.3226,0.198919,0.69206,0.449055,28.4831,1.88894,0.757297,10.8843,1.58085,14.3635,0.307244,0.893498,0.349415,22.1125,0.00122719,0.0536896,0.000356432,0.0589337,8.21162,0.0549633,0.293176,
122,50.9688,127.388,333.112,0.400108,0.874956,33.9591,0.856679,0.429034,2.64076,0.746801,86.9659,0.153376,0.761024,0.348404,15.6078,1.77629,0.778708,8.8103,1.75531,331.368,0.237862,1.03425,0.22593,25.8834,0.00122719,0.139526,0.000356432,0.0579468,3.77534,0.0549633,0.293176,
123,50.9688,83.2168,70.8775,0.612483,1.00944,43.2461,1.16167,0.549259,3.50417,1.05407,31.5297,0.242994,0.919299,0.514097,34.0784,1.88407,0.887751,10.306,1.87341,80.5906,0.368971,1.09583,0.237951,21.2013,0.00160655,0.115741,0.000356432,0.0579468,8.2707,0.0550174,0.293221,
124,50.9688,158.516,387.978,0.321537,0.946855,41.0442,1.42382,0.503133,3.89903,0.770557,108.689,0.23495,1.00482,0.470861,28.689,2.26793,0.856414,10.4559,1.56211,388.22,0.326465,1.2386,0.225439,14.542,0.00134822,0.0846145,0.000356432,0.0579468,7.80127,0.0550174,0.293221,
125,50.9688,77.2943,77.3959,0.659413,1.0146,37.8439,0.930504,0.616151,5.2967,0.762855,29.6431,0.191129,0.995334,0.425558,25.6575,1.77208,1.05689,11.5386,1.65435,102.546,0.280017,1.30265,0.252596,13.3229,0.00141039,0.0546599,0.000356432,0.0579468,8.03208,0.0550174,0.293221,
126,50.9662,64.9328,28.0446,0.784907,0.941562,32.2788,0.923125,0.690017,5.76154,0.86136,22.4165,0.142348,0.917614,0.360472,19.6107,1.75637,1.15689,13.0648,1.82532,12.5176,0.211809,1.19823,0.372006,11.7057,0.00127726,0.13854,0.000356432,0.0536247,10.7873,0.0549459,0.293221,
127,50.9662,65.5214,32.715,0.777856,1.01903,37.7405,0.821853,0.30999,4.25621,0.576108,20.002,0.182889,0.612794,0.415178,28.8936,1.73887,0.477459,11.484,1.3347,4.66291,0.312813,0.789886,0.69794,19.0961,0.00141039,0.139526,0.000117182,0.0579468,8.13177,0.0550174,0.293033,
128,50.9662,104.657,253.092,0.486984,0.832238,33.2318,0.660536,0.491951,1.71636,0.761263,66.1591,0.140971,0.662759,0.330428,16.8225,1.40831,0.853103,8.67923,1.68929,249.084,0.208981,0.83655,0.239549,22.6963,0.00122259,0.139526,0.000117182,0.0579468,12.2025,0.0550174,0.293033,
129,50.9628,9967.07,69293.3,0.00511312,0.980924,38.419,0.915683,0.410936,4.06659,0.929744,9920.34,0.259733,0.750729,0.423525,25.3957,1.78087,0.666975,9.76908,1.99526,70026.8,0.622928,0.978231,0.231191,16.581,0.00128263,0.130306,0.000117182,0.0526217,3.11692,0.0554197,0.293033,
130,50.9628,69.7955,52.4696,0.730174,0.895126,31.7897,0.713775,0.430502,6.01769,0.786099,28.188,0.135085,0.83943,0.297643,17.1213,1.37948,0.6555,13.0052,1.46719,9792.69,0.219032,1.0992,0.254215,17.0439,0.00128263,0.0430995,0.000117182,0.0526217,3.13193,0.0258947,0.292632,
131,50.9628,225.482,997.766,0.226017,0.862041,35.1515,0.619314,0.428386,1.09618,0.399342,186.066,0.193279,0.66608,0.332237,18.3305,1.49064,0.674227,6.93748,0.890343,1003.65,0.434474,0.902297,0.228972,27.6114,0.00135266,0.147597,0.000117182,0.0526217,7.33874,0.055413,0.293032,
132,50.9628,58.9877,23.1245,0.863957,0.930034,31.2393,0.489683,0.3133,3.15861,0.344861,21.9118,0.111513,0.48862,0.25988,14.2294,1.39325,0.605905,9.82622,1.01289,162.749,0.18797,0.622495,0.326041,27.6149,0.00122579,0.0415807,0.000117182,0.0526217,5.55238,0.0556408,0.293032,
133,50.9598,72.8062,52.4665,0.699938,0.996999,37.6367,0.886282,0.492091,4.54237,0.853556,26.5453,0.185135,0.667886,0.421375,26.3439,1.69294,0.923932,11.1367,1.7699,38.811,0.298457,0.789735,0.243772,18.8459,0.00122579,0.15409,0.000117182,0.0526217,8.18012,0.0542037,0.293032,
134,50.9598,75.8273,48.9398,0.672051,1.04635,40.1887,1.0658,0.530456,6.47092,0.927791,24.4983,0.2239,0.87513,0.453793,28.9478,1.76804,0.951702,13.4092,1.75346,32.4257,0.315578,0.990166,0.267668,21.8404,0.00122579,0.0519554,0.000117182,0.0526217,1.17082,0.0557256,0.293032,
135,50.9598,66.7796,29.4654,0.763105,0.980897,36.1791,1.08476,0.648921,4.62291,0.84999,21.3221,0.170728,0.920233,0.378019,22.5454,1.87325,1.02742,10.5009,1.63426,8.57488,0.250426,1.20125,0.379282,23.2754,0.00122579,0.154479,0.000276771,0.0520286,8.08973,0.0557256,0.292992,
136,50.9591,69.2423,36.9965,0.735953,1.04201,40.102,1.01082,0.433835,3.7079,0.785886,21.1297,0.209091,0.82109,0.494321,32.8628,1.85937,0.723133,10.8674,1.65949,11.0862,0.351674,1.10229,0.344999,14.8606,0.00138025,0.147635,0.000276771,0.0520286,9.51966,0.0555018,0.292992,
137,50.9565,68.5311,52.4424,0.743553,0.923152,32.7837,0.716119,0.292221,5.29812,0.825997,26.9612,0.141589,0.589053,0.324997,19.9386,1.47039,0.295837,12.5709,1.6827,42.5704,0.228948,0.79262,0.242319,15.6397,0.00117342,0.138934,0.000308446,0.0520286,6.15127,0.0551266,0.290545,
138,50.9565,85.8262,111.863,0.593717,0.988084,40.5407,0.935777,0.369255,4.1127,1.02982,36.8646,0.215518,0.769698,0.453237,29.3649,1.61786,0.482672,10.0489,1.82264,102.139,0.328971,0.883839,0.238239,12.2728,0.00117789,0.0445904,0.000308446,0.0520286,8.03271,0.050575,0.29037,
139,50.9554,86.0548,83.2557,0.592127,0.966054,40.6713,1.15506,0.623719,3.33865,1.01742,37.1069,0.21286,0.962898,0.451872,24.3384,1.83575,0.913498,7.84042,1.92363,72.3666,0.278056,1.10219,0.241026,27.6131,0.00117789,0.147635,0.000495801,0.0520286,6.46668,0.0555018,0.292992,
140,50.9544,79.5359,50.1645,0.640647,1.06283,43.9719,1.20199,0.566711,4.31953,1.10396,26.1634,0.250189,0.895347,0.53008,31.4491,1.95899,0.949918,9.94168,1.97522,32.9922,0.345395,1.14128,0.271587,22.3885,0.00117789,0.147635,0.000495801,0.051847,8.1575,0.0555018,0.292992,
141,50.9544,74.0163,49.091,0.688421,0.994919,38.2232,1.20004,0.605562,5.1585,0.86987,25.8083,0.195076,0.960871,0.408715,23.2187,2.03203,0.943462,10.652,1.65951,34.5926,0.26632,1.17476,0.229242,19.9581,0.00117789,0.147635,0.000495801,0.051847,7.75014,0.0104953,0.292992,
142,50.9544,83.3447,65.8089,0.61137,0.921236,38.2882,1.35546,0.479884,5.69361,0.770244,34.6298,0.198356,1.00787,0.412966,24.8234,1.9803,0.674925,11.463,1.32572,52.0009,0.275251,1.21791,0.225909,14.7214,0.00117789,0.0526482,0.000495801,0.051847,2.11788,0.0443586,0.292992,
143,50.9544,95.9796,140.219,0.530888,0.996771,42.349,1.00398,0.66477,2.69227,0.765363,46.2459,0.229801,1.0318,0.490269,30.1059,1.67951,1.03123,8.11954,1.47568,131.374,0.328262,1.36289,0.247032,21.8901,0.00117789,0.147635,0.000495801,0.051847,7.80618,0.0555018,0.292992,
144,50.9544,64.7231,29.8437,0.787267,0.974608,35.1517,0.839656,0.322158,4.74918,0.734416,21.2062,0.157247,0.588002,0.333353,21.2313,1.79601,0.654442,10.6074,1.87755,26.5694,0.245513,0.723526,0.324325,23.6037,0.00117789,0.0668001,0.000128909,0.0515401,5.51547,0.0555018,0.292992,
145,50.9544,79.4235,72.6199,0.641553,0.852784,34.1253,0.935343,0.456388,3.04426,0.604096,38.4714,0.149473,0.784478,0.334138,19.1675,1.82334,0.716384,10.3392,1.33723,62.7663,0.212522,1.00597,0.233402,13.1404,0.00117789,0.147635,0.000128909,0.0515401,8.10888,0.0555018,0.292992,
146,50.9544,73.2955,47.4682,0.695191,1.00994,37.5603,1.06479,0.569561,6.84895,0.914829,24.0215,0.20041,1.10515,0.46225,27.0124,1.7219,0.906984,13.0629,1.69048,33.9857,0.295447,1.31799,0.231268,13.5377,0.00127011,0.158189,0.000128909,0.0515401,0.0740249,0.0559461,0.292944,
147,50.9509,84.829,66.4864,0.600631,0.95459,41.8135,1.25393,0.59962,2.62345,1.08653,35.2935,0.222304,0.981527,0.48302,28.4654,1.9805,0.882159,8.83205,1.97001,49.9858,0.318279,1.1884,0.225942,27.3143,0.00127011,0.110997,0.000128909,0.0515401,8.25813,0.0256097,0.292944,
148,50.9509,72.9883,70.6617,0.69807,0.865808,32.8439,0.801331,0.429138,2.94729,0.63009,33.6608,0.131572,0.67837,0.297118,14.9272,1.82653,0.670532,9.15756,1.49363,61.359,0.195621,0.958959,0.237623,22.6077,0.00125913,0.157516,0.000128909,0.0515401,8.12494,0.0559461,0.292944,
149,50.9509,64.8849,30.7888,0.785251,0.972899,35.4712,0.68759,0.448282,4.49815,0.83447,21.0726,0.16466,0.735045,0.381514,25.11,1.39964,0.859832,11.3462,1.74094,14.049,0.272275,0.912253,0.396107,11.837,0.00125913,0.0389582,0.000128909,0.0515401,8.2132,0.055961,0.292944,
150,50.9509,65.7372,29.2192,0.77507,0.924003,34.614,0.851952,0.449124,4.55599,0.816217,22.6405,0.156984,0.728366,0.330708,21.3306,1.53375,0.611077,10.5561,1.65436,13.0945,0.234085,0.80268,0.357344,13.285,0.00127011,0.0871639,0.000128909,0.028096,0.190856,0.0342165,0.284632,
151,50.9502,92.0655,210.262,0.553412,0.939743,35.2699,0.718744,0.34309,2.47432,0.500557,50.9502,0.15694,0.712011,0.361018,24.2828,1.6549,0.450592,8.75538,1.26956,204.782,0.265942,0.935568,0.242818,17.7898,0.00127011,0.0548053,0.000128909,0.0515401,8.24228,0.0561251,0.292944,
152,50.9498,80.9775,65.2098,0.629185,0.979314,41.2222,0.989374,0.665926,2.54456,1.15348,32.3258,0.218248,0.878627,0.475453,29.6432,1.76626,1.01444,8.85044,2.27417,53.0306,0.326405,1.03515,0.233715,17.8911,0.00127011,0.162527,0.000128909,0.0515401,8.18894,0.0561402,0.29299,
153,50.9498,82.0504,98.6994,0.620957,0.971568,36.2112,1.08947,0.446352,6.67517,1.06676,34.4972,0.189084,0.903559,0.396446,27.1767,1.75681,0.571467,13.5951,1.92731,90.3028,0.277663,1.0278,0.244323,11.8365,0.00127245,0.125424,0.000128909,0.0515401,5.3272,0.0562109,0.29299,
154,50.9498,73.2967,37.4398,0.695117,1.02312,41.2154,1.11208,0.552354,4.34653,0.759563,23.2518,0.224256,0.811589,0.485495,29.0527,1.88461,0.704045,11.4766,1.53683,18.1661,0.326501,0.950168,0.328791,17.4955,0.00127245,0.16407,0.000128909,0.0515401,5.61685,0.0562109,0.292228,
155,50.9498,74.7384,74.7092,0.681709,0.990019,36.2732,0.897695,0.61664,4.04441,0.838935,30.2233,0.170762,0.683389,0.405545,22.6213,1.74008,1.05328,10.2463,1.68536,64.4577,0.258406,0.860732,0.234009,17.4737,0.00134978,0.165587,0.000128909,0.0465401,1.11344,0.0562786,0.292948,
156,50.9498,103.408,249.878,0.492705,1.0376,39.6096,0.90925,0.621127,3.52238,0.89873,55.7512,0.208986,0.849498,0.467163,28.2383,1.80849,1.04876,9.81539,1.90575,244.306,0.322893,1.11188,0.238939,24.5492,0.00134978,0.165587,0.000179523,0.0506161,8.81321,0.0562786,0.292948,
157,50.9498,70.8377,36.5125,0.719247,1.01224,41.0201,0.794126,0.507033,3.21578,1.19979,22.0347,0.213022,0.840816,0.47218,30.5524,1.49571,0.815051,8.0224,2.11675,34.3723,0.327759,1.02589,0.301679,22.6267,0.00137536,0.165587,0.000179523,0.0478438,9.50677,0.0562786,0.292948,
158,50.9498,69.5948,35.4111,0.732092,0.988797,39.2485,0.783312,0.584693,3.41012,0.771429,22.8624,0.194973,0.750617,0.417582,27.8587,1.46782,0.87721,9.01034,1.5954,12.0246,0.301897,0.882173,0.374247,13.6521,0.00137536,0.152227,0.000179523,0.0516742,7.90639,0.0381087,0.292948,
159,50.9498,81.9985,70.4239,0.62135,0.972636,40.9357,0.829936,0.418163,2.04722,0.898478,34.8845,0.210906,0.800943,0.466905,29.0779,1.54696,0.718379,7.05309,1.69411,56.6344,0.317417,0.987024,0.225357,25.1071,0.00131922,0.0106046,0.000179523,0.0516742,9.61336,0.0560273,0.292948,
160,50.9494,206.356,979.399,0.2469,0.920202,35.7053,0.987459,0.339011,4.27426,0.818126,162.308,0.208347,0.795079,0.36022,23.3355,1.8356,0.416759,11.0343,1.68969,981.682,0.428622,1.04161,0.240888,17.6962,0.00137108,0.0535838,0.000179523,0.0515105,8.03962,0.0424759,0.235013,
161,50.9494,281.308,1014.81,0.181116,0.858534,38.7224,1.31693,0.616265,3.85959,1.05671,233.646,0.261891,0.969254,0.416183,22.4708,2.04225,0.885482,11.0218,1.82182,1010.43,0.447007,1.20465,0.22523,15.2349,0.00137536,0.0778443,0.000179523,0.0516742,1.24748,0.0564711,0.29299,
162,50.9479,103.191,192.56,0.493726,0.900498,34.7111,0.93901,0.500381,3.26384,0.998198,60.9851,0.157195,0.735313,0.36374,21.3758,1.74327,0.951636,10.2897,1.82604,249.905,0.255414,0.948662,0.242905,13.9017,0.00137536,0.0449029,0.000179523,0.0516742,9.57275,0.048212,0.210589,
163,50.9479,153.398,447.962,0.332129,0.930638,39.2652,0.845552,0.538089,2.71857,0.925233,107.1,0.215334,0.858647,0.447636,27.3384,1.58888,0.75059,8.00311,1.80499,442.263,0.34114,1.05829,0.219947,16.882,0.00134336,0.16756,0.000179523,0.0492106,7.92103,0.0409142,0.292896,
164,50.9474,60.172,25.7728,0.846695,0.972146,33.7091,0.563151,0.404028,2.88912,0.426083,20.5164,0.134401,0.557589,0.335796,23.4327,1.45543,0.702103,9.15742,1.2628,85.8102,0.258383,0.814735,0.87002,22.3085,0.00134336,0.160217,0.000190238,0.0457286,9.00214,0.0319939,0.165522,
165,50.9474,233.794,1134.13,0.217916,0.979251,40.4102,0.800574,0.377715,3.23553,1.02489,185.935,0.26344,0.766498,0.465888,31.1858,1.40429,0.516573,9.63051,2.10901,1141.29,0.546721,1.01656,0.239064,18.4119,0.00134336,0.0915371,0.000190238,0.0457286,8.18816,0.0562934,0.292896,
166,50.9474,80.8716,74.0821,0.629979,1.05461,42.1851,1.06627,0.617776,5.29892,0.778542,28.5743,0.240372,1.05578,0.485695,32.7672,1.76221,0.892968,11.7075,1.5214,166.951,0.348694,1.25476,0.224899,9.45008,0.00134336,0.106746,0.000190238,0.0457286,8.07323,0.05636,0.292896,
167,50.9474,74.6263,42.5336,0.6827,0.988938,37.5849,1.03538,0.668856,7.04842,1.04365,25.0749,0.202985,0.978237,0.428656,25.0499,1.67103,0.992458,13.6693,1.79618,24.5032,0.276417,1.21748,0.227166,18.0021,0.00134336,0.165435,0.000190238,0.0457286,7.88411,0.0563839,0.292896,
168,50.9474,423.067,2242.33,0.120424,0.972841,36.8164,0.979188,0.43761,4.79439,1.13055,376.831,0.300646,0.804532,0.391278,23.7881,1.76718,0.666701,11.3818,2.09867,2264.45,0.919277,1.00703,0.238778,22.4895,0.00134336,0.114393,0.000196903,0.0457286,7.25167,0.0279565,0.292795,
169,50.9474,100.873,239.157,0.505067,0.934883,35.7331,0.90722,0.595493,3.59417,0.857,57.2049,0.170018,0.875832,0.387226,23.2308,1.78251,1.00783,10.4494,1.9603,392.231,0.288006,1.14395,0.240321,12.8348,0.00134336,0.165596,0.000196903,0.0457286,8.44532,0.0563786,0.292894,
170,50.9474,73.0833,40.3077,0.697114,1.08589,44.1598,1.08495,0.291844,3.84799,0.812609,20.8099,0.251651,0.738668,0.507763,37.4225,1.97242,0.37945,10.4999,1.54982,37.7368,0.398177,0.931377,0.336443,21.5238,0.00134336,0.165596,0.000196903,0.0457286,8.78543,0.0563786,0.292894,
171,50.9474,74.6812,60.5621,0.682198,0.931166,36.6105,0.762574,0.515403,2.06756,0.642645,32.3003,0.163646,0.687371,0.416407,21.5456,1.65272,0.918348,6.51808,1.39947,47.5465,0.270316,0.917991,0.258159,27.6273,0.00134336,0.165596,0.000196903,0.0457286,8.14612,0.0563786,0.292881,
172,50.9472,87.2128,96.8186,0.584172,0.916678,36.9065,1.06407,0.621165,5.24123,0.9616,40.2573,0.187456,1.05683,0.389397,19.5692,1.7433,1.03352,11.8404,1.67755,86.7888,0.234853,1.26186,0.225282,22.0762,0.0013902,0.0402766,0.000225935,0.0457286,4.57421,0.0563924,0.292881,
173,50.9472,74.7887,38.8478,0.681215,1.09698,42.214,1.35806,0.695089,6.72009,1.3523,20.2739,0.243762,0.834571,0.469971,30.8564,2.09714,1.12149,12.8988,2.3931,22.4171,0.333202,0.940313,0.323909,12.9751,0.0013902,0.149864,0.000225935,0.0457286,7.6979,0.0563924,0.292881,
174,50.9442,69.9283,35.9875,0.728521,1.08199,42.0424,0.909417,0.691606,4.06223,0.61641,19.4924,0.225887,0.805999,0.450894,30.5938,1.8145,1.09071,9.58405,1.46103,8.74825,0.334757,1.05382,0.42385,16.3387,0.0013902,0.16571,0.000225935,0.0280684,1.09322,0.0563626,0.283974,
175,50.9442,86.3865,108.19,0.589724,0.851111,35.4074,1.0986,0.47803,2.64068,0.778273,44.0725,0.161522,0.898353,0.410187,21.3089,1.95767,0.657415,9.04487,1.69016,100.813,0.236778,1.06363,0.239455,18.7064,0.0013902,0.130486,0.000225935,0.0457286,3.17208,0.0199134,0.292827,
176,50.9442,70.5735,36.9131,0.72186,1.09553,41.8436,0.843749,0.621611,3.74919,0.883865,20.4637,0.224543,0.847723,0.535796,31.0646,1.60379,1.02434,9.65056,1.76051,24.7702,0.342047,1.05018,0.424586,27.623,0.0013902,0.161652,0.000225935,0.0457286,7.90818,0.0561518,0.292827,
177,50.9442,73.0698,61.2667,0.6972,0.950803,35.7922,0.755189,0.431002,4.69945,0.935702,28.6521,0.168217,0.68515,0.355887,20.7927,1.55179,0.517533,10.6458,1.86324,50.9427,0.237863,0.77507,0.272691,21.5686,0.0013902,0.166422,0.000225935,0.0277775,5.2604,0.0563626,0.28496,
178,50.9442,252.662,1313.92,0.20163,0.935335,34.4963,1.18444,0.45278,5.6394,1.13754,207.878,0.224137,0.714052,0.360575,23.6791,1.99926,0.568411,12.391,2.12544,1320.22,0.559875,0.774176,0.239921,12.5278,0.00135818,0.160681,0.000225935,0.0457286,1.62461,0.0517819,0.292827,
179,50.9442,72.5181,38.2113,0.702504,1.02409,41.0557,1.1662,0.516533,4.5019,0.900159,22.1938,0.221284,0.938449,0.475197,31.3291,1.93669,0.787216,11.0999,1.78651,184.269,0.333906,1.23804,0.291217,22.8528,0.00132751,0.166883,0.000225935,0.0457286,7.93532,0.0564043,0.292879,
180,50.9442,114.152,179.54,0.446284,0.992281,44.096,1.31648,0.574431,3.88412,0.794852,61.356,0.25752,0.880503,0.505139,29.7231,2.07297,0.881349,10.1591,1.42216,175.094,0.338814,0.999256,0.238489,16.5161,0.00131442,0.165653,0.000225935,0.0457286,7.74438,0.0563646,0.292879,
181,50.9442,75.5203,55.9922,0.674577,1.02198,37.8374,1.00688,0.651532,4.7114,0.976449,28.2885,0.184529,0.841573,0.421747,23.4696,1.79758,1.09186,9.51111,1.83468,53.8951,0.266838,1.05294,0.264643,27.4633,0.00132751,0.164947,0.000225935,0.0457286,8.1282,0.0418289,0.292879,
182,50.9442,92.3213,135.27,0.551815,0.918769,36.3149,0.907693,0.335937,4.55727,0.776549,47.6005,0.173234,0.736415,0.362931,21.7568,1.74333,0.450404,10.8983,1.59244,127.381,0.245471,0.896141,0.243715,16.8873,0.00132751,0.0771102,0.000225935,0.0457286,5.74232,0.0562573,0.292879,
183,50.9442,70.5192,37.0061,0.722417,1.06692,41.387,0.917417,0.331965,4.73163,0.719586,20.3233,0.223158,0.818243,0.481028,31.9148,1.73884,0.470303,11.3744,1.49919,27.6665,0.344864,0.966399,0.39763,23.4677,0.00130013,0.0683262,0.000225935,0.0457286,8.09644,0.0563883,0.292879,
184,50.9438,70.3972,36.9172,0.723662,1.06523,41.2179,0.997869,0.502602,4.38257,0.913064,20.1189,0.221285,0.977669,0.46483,32.1163,1.88885,0.799909,10.9521,1.92711,5.61146,0.341936,1.30917,0.389623,16.2123,0.00130013,0.162956,0.000276351,0.0445942,8.15745,0.0562352,0.292879,
185,50.9438,68.0249,38.7804,0.748899,0.938531,35.0974,0.620825,0.531798,3.71318,0.911971,25.3427,0.158319,0.710158,0.401328,22.7134,1.31327,0.976766,10.5256,1.90482,22.1863,0.251098,0.99467,0.232622,14.614,0.00130013,0.162956,0.000276351,0.051863,4.3763,0.0562352,0.292879,
186,50.9438,80.8174,93.2772,0.630356,1.05185,40.8554,0.853028,0.604121,2.47654,0.93102,32.9619,0.206757,0.876781,0.502634,30.2833,1.68694,1.05457,7.11572,1.89265,83.1438,0.328385,1.24242,0.234658,27.6264,0.00130013,0.166117,0.000276351,0.0521033,7.97343,0.0563802,0.292879,
187,50.9438,65.0508,46.5842,0.783139,0.925943,34.1148,0.474368,0.358696,1.90475,0.388581,26.0934,0.134758,0.655475,0.344066,20.3738,1.29045,0.65105,6.68412,1.09961,34.6541,0.239066,0.968892,0.234435,27.6266,0.00130013,0.16651,0.000276351,0.0521033,3.80892,0.0563992,0.292862,
188,50.9438,71.445,48.9934,0.713049,0.947916,34.7297,0.905471,0.387547,5.67837,0.9761,26.862,0.16433,0.793467,0.349932,22.069,1.63174,0.53615,13.0645,2.1615,36.5324,0.244839,1.00915,0.260233,17.3912,0.00130013,0.0559471,0.000306312,0.0529201,8.08264,0.0563549,0.292862,
189,50.9438,68.872,44.6656,0.739687,0.961635,35.7968,0.780746,0.589101,2.3037,0.676669,26.9282,0.154013,0.681107,0.384263,20.2715,1.67279,1.00676,7.41153,1.54517,31.5073,0.234971,0.89796,0.264064,26.9637,0.00130013,0.1671,0.000306312,0.0518725,8.3696,0.038012,0.292862,
190,50.9438,84.5046,115.308,0.602852,0.928162,35.5057,0.668774,0.400499,3.78895,0.6353,41.6533,0.160633,0.763294,0.37447,22.9396,1.50853,0.624148,10.0226,1.38299,107.241,0.252001,0.930811,0.233423,16.5474,0.00130013,0.16655,0.000306312,0.0518725,0.781325,0.0359225,0.292862,
191,50.9438,88.4089,103.829,0.576229,1.11453,46.1295,0.898679,0.725033,4.26459,0.972953,33.0282,0.271994,1.00339,0.572276,33.9816,1.4814,1.04033,9.57113,1.55345,93.5245,0.387857,1.14476,0.225918,23.2939,0.00130013,0.167675,0.000306312,0.0518725,8.01122,0.056429,0.292862,
192,50.9438,76.824,56.5362,0.663123,1.05326,41.9907,0.96039,0.556859,3.80708,0.838628,26.5662,0.227118,0.82384,0.48443,31.688,1.73976,0.918416,9.99125,1.62909,41.0163,0.340474,1.02441,0.243123,22.3971,0.00137214,0.167853,0.000298508,0.0519253,7.85732,0.0564466,0.177207,
193,50.9434,63.4232,26.2712,0.80323,0.871887,31.2765,0.791195,0.383525,4.55251,0.584981,24.1044,0.126054,0.732117,0.317903,18.1968,1.59828,0.524701,12.2331,1.46341,12.7757,0.209199,1.03014,0.368556,15.6681,0.00137214,0.167853,0.00026824,0.0507657,6.07487,0.0564466,0.292881,
194,50.9434,74.8521,51.4057,0.680588,0.986184,37.8255,0.961116,0.592926,5.23199,1.00327,27.3074,0.194873,0.748847,0.440964,24.3576,1.56704,1.01674,12.0908,1.80454,37.8325,0.283737,0.877403,0.245849,21.4284,0.0014386,0.168999,0.00026824,0.0529201,7.77456,0.0564995,0.292878,
195,50.9434,78.071,83.4741,0.652527,0.972865,37.3929,0.895226,0.513222,3.66015,1.04176,32.6725,0.181086,0.741302,0.411168,24.9231,1.69355,0.9005,10.4264,1.97564,72.7475,0.274833,0.984688,0.247769,15.3389,0.0014386,0.140188,0.00026824,0.0529201,7.97435,0.055269,0.292876,
196,50.9433,91.4832,137.504,0.556859,1.05778,44.8224,0.988044,0.58192,2.4899,0.963136,39.4775,0.251251,0.851213,0.527938,32.3806,1.71765,1.06315,6.73601,1.83219,127.542,0.37376,1.04343,0.238147,27.6295,0.00157456,0.0486357,0.00026824,0.0529201,8.165,0.0565932,0.292899,
197,50.9433,68.887,35.2885,0.739519,1.08044,40.3289,0.963527,0.590255,4.4872,0.791556,19.6906,0.212456,0.742139,0.494532,31.6966,1.76933,0.974412,11.0185,1.58883,20.2398,0.337162,0.956347,0.415443,14.7028,0.00157456,0.17115,0.00026824,0.0529201,8.15815,0.0565932,0.292902,
198,50.9433,79.3068,76.754,0.642357,0.961332,38.4744,0.792676,0.443776,3.00615,0.773553,33.8632,0.188082,0.803705,0.426201,25.473,1.65042,0.65601,8.74869,1.53039,66.4302,0.280679,1.03569,0.253048,21.5233,0.00157456,0.17115,0.00026824,0.0529201,7.81612,0.0565766,0.292899,
199,50.9433,77.7493,41.2079,0.655224,1.07322,45.3754,1.23887,0.52364,4.72912,0.934538,22.6817,0.265538,0.927339,0.521219,32.9539,1.97877,0.704374,10.0931,1.85286,20.002,0.359662,1.10984,0.297339,27.6292,0.00157456,0.143835,0.000273268,0.0529201,3.30063,0.0565766,0.180221,
200,50.943,84.7244,94.998,0.601279,0.957558,38.4498,1.25536,0.551497,3.94887,0.931127,37.617,0.194516,0.818707,0.444627,24.5006,2.1848,0.902187,10.3657,2.0958,82.867,0.285175,1.03253,0.228581,23.1996,0.00157456,0.075438,0.000273268,0.0529201,8.27556,0.0565766,0.292899,
