Generation,Best fitness,Average fitness,Fitness standard deviation,Selection pressure,Heave.front.motion_ratio_heave_l.avg,Heave.front.toe_angle_l.avg,Heave.front.tie_rod_angle_top_view_l.avg,Heave.front.camber_angle_gain_roll_l.avg,Roll.front.roll_center.y.avg,Steering.front.ackerman_angle.avg,Heave.front.side_view_swing_arm_angle_l.avg,Roll.front.side_view_swing_arm_angle_l.avg,Steering.front.tie_rod_angle_front_view_l.avg,Heave.front.motion_ratio_heave_l.std_dev,Heave.front.toe_angle_l.std_dev,Heave.front.tie_rod_angle_top_view_l.std_dev,Heave.front.camber_angle_gain_roll_l.std_dev,Roll.front.roll_center.y.std_dev,Steering.front.ackerman_angle.std_dev,Heave.front.side_view_swing_arm_angle_l.std_dev,Roll.front.side_view_swing_arm_angle_l.std_dev,Steering.front.tie_rod_angle_front_view_l.std_dev,Heave.front.motion_ratio_heave_l.best,Heave.front.toe_angle_l.best,Heave.front.tie_rod_angle_top_view_l.best,Heave.front.camber_angle_gain_roll_l.best,Roll.front.roll_center.y.best,Steering.front.ackerman_angle.best,Heave.front.side_view_swing_arm_angle_l.best,Roll.front.side_view_swing_arm_angle_l.best,Steering.front.tie_rod_angle_front_view_l.best,
0,54.7615,197.188,91.0252,0.277711,34.5337,59.3608,3.88802,34.6574,1.65758,24.3373,17.5716,17.5556,3.62623,36.4365,71.2518,4.59082,41.8095,4.33508,24.4923,15.3979,21.2639,4.26006,7.86293,2.94686,0.0452846,2.98484,0.34028,1.47665,0.742379,0.316375,0.480986,
1,54.7615,270.07,244.509,0.202768,31.1293,33.8671,3.03985,20.1177,1.55033,15.0955,80.6436,80.6982,3.92852,14.8923,35.0187,2.57455,20.5204,3.73029,14.2959,139.58,139.731,2.32469,3.8442,2.94686,0.0132292,2.98484,0.360678,0.866109,0.742379,0.316375,0.719309,
2,54.7615,217.719,174.852,0.251523,33.2401,32.6979,2.8918,24.1457,0.972819,14.1716,52.7094,52.7508,4.13897,14.5019,26.6319,2.2218,13.8929,1.36094,11.8946,91.3799,95.3012,2.38139,8.57049,2.09197,0.0452846,2.98484,0.360678,0.560201,0.742379,0.316375,0.712591,
3,54.7615,344.351,387.133,0.159028,30.9873,24.3715,2.99006,23.9707,0.868102,11.9114,122.425,122.505,4.32256,12.3561,21.3686,2.84953,13.548,1.05196,10.1471,196.754,205.516,2.22293,8.57049,2.09197,0.0324231,2.98484,0.363785,0.157127,0.742379,0.316375,0.719309,
4,54.7615,265.85,238.751,0.205987,30.5098,21.7833,2.87984,21.0489,0.857954,13.5477,85.746,85.8233,3.65299,10.6538,19.3098,2.14591,12.9469,0.984431,9.85156,131.293,137.014,2.02143,8.57049,2.09197,0.0324231,2.98484,0.363785,0.697051,0.742379,0.316375,0.719309,
5,54.7615,304.722,334.462,0.17971,29.9358,26.8493,2.59247,23.092,0.829692,16.2806,100.819,100.88,3.44366,14.6234,24.3931,2.05866,13.6841,0.991405,11.6129,161.48,160.422,1.99372,5.63225,1.76032,0.0324231,2.98484,0.363785,1.25802,0.742379,0.316375,0.679116,
6,54.7615,387.048,566.759,0.141485,32.3888,29.5775,4.02313,21.9914,0.863898,13.1307,140.916,140.27,3.88678,11.9342,26.5594,3.26521,15.769,0.992185,9.90149,281.674,273.806,2.04495,8.57049,2.94686,0.0324231,2.98484,0.276504,0.2673,0.742379,0.316375,0.719309,
7,54.7615,273.921,270.009,0.199917,27.8859,25.7943,3.32295,19.8413,0.883425,12.8079,89.6715,89.7307,3.98337,11.1176,17.7219,2.49911,13.4039,0.98345,10.5056,151.961,145.22,2.31171,5.18167,2.50784,0.0324231,2.66732,0.362276,0.191356,0.742379,0.316375,0.662662,
8,54.7615,369.009,570.595,0.148401,30.3303,29.6588,3.31827,19.1272,1.17412,14.8095,133.409,132.732,4.45008,11.2765,21.473,2.51054,13.4737,1.33998,11.8815,283.733,281.207,2.43023,8.57049,2.94686,0.0324231,2.71299,0.289344,1.44576,0.742379,0.316375,0.719309,
9,54.7615,303.73,311.16,0.180296,29.538,27.3717,3.10204,22.2308,0.814625,14.0622,101.216,101.296,4.09954,10.4539,23.7839,2.28671,13.466,1.03423,10.4519,162.72,158.802,2.17677,8.57049,1.83039,0.0324231,2.71299,0.363785,1.44576,0.742379,0.316375,0.719309,
10,54.7615,222.706,314.929,0.245892,29.0522,25.7439,3.25911,18.1358,0.89099,14.4754,63.3849,63.3568,4.40646,11.9719,24.1615,2.29462,13.1486,0.964358,10.5097,158.311,154.522,2.21954,6.5968,1.83039,0.0324231,2.71299,0.2641,1.22199,0.742379,0.316375,0.719309,
11,54.7615,354.758,401.009,0.154363,28.3329,23.557,3.52551,20.2234,0.990381,15.1044,129.474,129.55,4.00065,12.1192,17.7264,2.62069,12.5183,1.24888,12.0218,209.149,209.391,2.44228,8.57049,1.83039,0.0324231,2.98484,0.367128,0.747463,0.742379,0.316375,0.719309,
12,54.7615,488.257,745.991,0.112157,28.1479,19.7657,3.75495,21.6948,0.88671,16.8111,197.125,195.78,4.29021,10.2181,16.1693,3.16549,13.7998,1.05872,13.0898,351.614,367.529,2.39725,8.57049,1.83039,0.0324231,2.98484,0.259687,1.15553,0.742379,0.316375,0.719309,
13,54.7615,314.589,568.056,0.174073,28.8584,19.6451,4.62894,20.0222,0.901696,20.1525,108.574,107.744,4.06221,13.1799,18.3169,3.02956,14.581,0.992016,14.5581,304.374,273.716,2.17935,8.57049,1.83039,0.0324231,1.81977,0.260182,1.44576,0.742379,0.316375,0.719309,
14,53.8754,210.831,220.84,0.255538,25.5594,19.2375,3.12472,16.3101,0.890096,17.3848,62.349,62.3748,3.60108,10.3031,13.915,2.51743,10.1137,0.953418,14.5756,114.541,117.418,2.04556,8.57049,1.83039,0.0324231,2.98484,0.389477,1.44576,0.930924,0.585356,0.554371,
15,53.8754,314.328,462.822,0.171398,27.4359,23.8701,3.24458,18.7126,0.859393,17.0395,109.761,109.614,3.79135,14.6103,27.1122,2.85214,14.8686,0.947156,13.7129,213.984,219.828,2.04575,8.57049,1.83039,0.0324231,2.98484,0.251495,0.659705,1.01898,0.585356,0.467845,
16,53.8754,193.225,166.605,0.278822,24.1664,17.3954,3.74587,15.9277,0.89098,14.7114,56.3799,56.407,3.60011,9.37692,12.891,3.04252,9.64306,0.941744,11.564,98.0863,80.4568,2.08337,8.57049,0.857603,0.0324231,2.98484,0.413704,0.441402,1.01898,0.585356,0.719309,
17,53.8754,212.902,204.393,0.253052,25.9793,21.7296,4.39666,17.3412,1.16178,13.9512,62.2359,62.2632,3.84318,14.1186,20.7727,3.35629,14.1139,2.07856,12.5046,98.5465,100.683,2.14182,2.99982,1.83039,0.0324231,2.98484,0.337463,0.349191,1.01898,0.585356,0.584007,
18,53.8754,258.65,474.855,0.208295,28.0085,19.041,4.07728,15.4275,1.78327,12.9217,86.7275,86.4314,4.23153,15.4505,19.7351,3.44952,11.0767,4.33215,11.9311,232.528,234.15,2.47772,4.76675,1.37055,0.0324231,2.98484,0.194603,0.613476,0.705172,0.585356,0.906402,
19,53.8754,263.982,567.424,0.204087,26.994,17.1941,4.03412,13.1715,0.956945,13.3998,92.7169,91.9168,3.59833,11.284,15.2788,3.49406,10.212,1.23708,12.3769,275.055,272.151,1.9372,8.57049,1.37055,0.0324231,2.98484,0.185847,0.414872,0.705172,0.585356,0.906402,
20,53.8754,182.143,170.664,0.295786,25.3643,19.6371,4.08364,13.9312,0.946831,11.9246,51.3925,51.4065,3.45658,8.34252,18.4993,2.73365,8.35037,0.973101,10.0688,92.2979,92.7363,1.86535,8.57049,1.37055,0.0324231,2.98484,0.413704,0.214231,0.705172,0.585356,0.636687,
21,53.8754,200.936,195.632,0.268122,27.9694,16.8981,3.53453,13.3797,1.09074,12.5704,60.9251,60.9274,3.64044,13.9882,25.6892,2.69965,8.47246,1.2855,10.2069,95.2751,92.9351,1.94621,8.57049,1.37055,0.0324231,2.98484,0.413704,0.958969,0.705172,0.585356,0.906402,
22,51.3278,142.496,119.033,0.360205,24.0395,13.9722,4.09514,11.818,0.937469,10.8679,36.6905,36.6649,3.41054,7.74442,10.9787,2.67951,7.96551,0.920383,8.2281,64.1643,64.3107,1.48169,8.57049,1.33857,0.0324231,2.98484,0.413704,0.518387,0.572586,0.284491,0.780243,
23,51.3278,224.312,385.566,0.228823,27.1643,19.0571,4.0609,12.5795,1.34629,13.1044,71.8976,71.8206,3.2813,15.5194,23.7714,3.08722,12.0137,1.84714,11.4288,172.956,180.046,1.70106,8.57049,1.37055,0.0324231,2.74891,0.255862,0.958969,0.572586,0.284491,0.764198,
24,51.3278,254.291,557.19,0.201847,26.0348,20.8494,4.02208,12.0639,0.864285,13.2567,87.2013,86.4542,3.5445,12.5287,23.9356,2.74516,11.4336,0.550685,13.0397,260.431,255.819,1.93451,7.25569,1.37055,0.0324231,2.98484,0.330817,0.815436,0.572586,0.284491,0.809825,
25,51.3278,202.286,334.092,0.253739,29.0921,23.0444,4.10288,13.9868,0.804418,11.943,57.9719,57.8521,3.48812,14.1274,36.5028,3.21781,15.4944,0.205745,15.0849,151.141,156.306,1.87735,8.57049,1.89629,0.0324231,2.98484,0.290216,0.420772,0.572586,0.284491,1.0869,
26,50.5432,145.68,321.764,0.346946,24.7225,18.5758,3.09097,11.8359,0.83811,11.2943,35.9837,35.8624,3.4768,11.7046,27.943,2.74544,13.7695,0.199681,12.021,146.994,145.211,1.69781,8.57049,1.51168,0.0324231,2.98484,0.273063,0.29105,0.572586,0.284491,1.10513,
27,49.2099,179.998,478.133,0.273391,24.047,15.8991,3.25253,11.901,0.857637,10.7628,55.2265,54.5309,3.52054,13.6144,16.5972,2.7512,15.6673,0.188195,8.83176,228.313,224.184,2.07077,8.57049,1.51168,0.0324231,2.98484,0.337793,0.689938,0.572586,0.284491,0.990605,
28,49.2099,146.458,304.661,0.336,20.899,14.1985,2.93754,7.89049,0.898915,8.10141,44.2311,44.1154,3.18583,10.7809,9.62014,2.53428,8.44056,0.162727,7.46252,145.634,145.192,1.71311,8.57049,1.51168,0.0324231,2.54393,0.255668,0.689938,0.572586,0.284491,0.841006,
29,49.2099,122.894,167.077,0.400427,20.7588,18.293,3.04113,9.01102,0.871285,9.27443,29.2643,29.2169,3.16283,10.2684,31.2288,2.69142,9.24386,0.148199,10.3639,74.3397,72.9532,1.19733,8.27939,1.51168,0.0141846,2.98484,0.42343,0.236709,0.572586,0.284491,1.20664,
30,49.2099,181.436,508.618,0.271224,20.8578,13.1828,2.89593,8.84795,0.873711,8.493,62.0039,61.2674,3.0138,9.02348,15.3295,2.55866,7.96085,0.15616,7.96784,242.169,236.929,1.30035,8.57049,0.717072,0.127873,2.98484,0.352206,0.689938,0.15278,0.105242,0.73121,
31,49.2099,128.996,297.742,0.381484,19.6274,10.3109,3.48779,8.79244,0.870899,7.72623,37.538,37.4133,3.22926,5.43911,6.68162,2.3838,7.75954,0.159172,6.30076,145.335,144.903,1.71457,8.57049,1.51168,0.150799,2.98484,0.259024,0.219478,0.15278,0.105242,0.73121,
32,32.002,81.0617,48.3296,0.394786,20.4788,12.9871,3.14081,7.10974,0.94522,7.30286,13.1457,13.0578,2.89362,9.25829,11.8678,2.18324,3.90104,0.232132,6.83692,26.2048,32.6455,1.10774,8.57049,1.40961,0.150799,2.68148,0.666183,0.15355,0.15278,0.105242,0.73121,
33,32.002,133.588,307.681,0.239557,19.9709,10.8561,2.5573,7.65233,0.909361,7.36456,40.7811,40.6606,2.83612,9.39422,8.82609,2.07149,7.80838,0.16249,5.57618,142.759,146.922,1.15256,8.57049,1.40961,0.133244,2.70646,0.254424,0.153909,0.15278,0.105242,0.73121,
34,32.002,121.59,114.711,0.263196,22.3846,20.1978,3.44804,11.6508,1.06792,8.28207,25.7791,25.7172,3.06225,12.9649,39.6672,2.96523,16.3371,1.45179,10.8202,36.8697,40.8939,1.69631,8.57049,1.40961,0.150799,4.77063,0.363706,0.153909,0.15278,0.105242,0.73121,
35,32.002,91.0216,76.9729,0.351587,20.4061,11.9533,3.38752,9.88596,0.881992,8.77246,16.4338,16.3566,2.94379,10.6298,24.2417,2.52326,14.386,0.243474,9.24017,26.5731,23.4066,1.57291,8.57049,1.24654,0.0559095,4.49379,0.339278,0.153909,0.15278,0.105242,0.73121,
36,32.002,107.875,307.251,0.296658,21.1639,10.2123,3.42945,7.91735,0.931295,7.47402,27.1119,26.8809,2.75396,10.3879,10.8869,2.29886,7.74746,0.251958,10.7213,138.278,138.99,0.828987,8.57049,1.24654,0.150799,4.49379,0.275723,0.651058,0.15278,0.105242,0.73121,
37,32.002,51.1693,8.89765,0.625414,19.1264,7.10777,2.75969,5.8904,0.923624,5.1188,3.81301,3.64778,2.78181,3.56257,5.74767,1.77384,1.70751,0.0510496,4.62584,16.886,23.188,0.579372,13.0616,1.24654,0.150799,4.49379,0.666183,0.663092,0.173739,0.178092,1.76167,
38,32.002,95.8559,313.96,0.333855,20.4548,9.72137,2.67599,7.16928,0.939084,5.33375,23.5138,23.2614,2.78646,11.6981,20.8348,2.06171,7.05905,0.203939,6.94616,137.711,139.175,0.925883,13.0616,1.24654,0.0120645,4.67952,0.263281,0.274925,0.173739,0.178092,1.76167,
39,30.2422,106.383,431.988,0.284277,18.4765,6.11746,2.62821,5.90665,0.922788,5.35423,32.4156,31.9642,2.59702,6.48199,8.55701,1.98903,4.22898,0.130859,7.60053,204.123,202.475,0.723448,13.7664,1.24654,0.0120645,4.67952,0.0212835,0.274925,0.173739,0.178092,1.76167,
40,30.2422,113.641,472.058,0.26612,18.3906,7.10901,2.4772,6.32316,0.944518,4.14808,36.1771,35.468,2.60347,6.18108,14.217,2.23481,5.33945,0.112757,7.004,230.096,225.692,1.19103,13.7664,1.3778,0.0120645,4.57676,0.404749,0.200333,0.173739,0.178092,1.35404,
41,30.2422,134.439,392.776,0.22495,21.4576,13.9292,2.97988,9.95348,0.896014,4.62132,39.1206,38.8719,2.60915,15.0709,40.7942,2.39155,16.4148,0.171738,7.75564,163.745,163.248,1.77032,13.7664,1.14053,0.313093,4.67952,0.317929,0.274925,0.255059,0.2259,1.09123,
42,30.2422,75.4753,203.414,0.40069,19.1353,6.85261,2.71134,7.1933,2.6649,3.36086,15.5105,15.425,2.62149,11.8914,19.9673,2.51125,9.57525,11.8117,5.2705,93.2253,91.1351,1.46201,13.7664,1.14053,0.313093,4.67952,0.317727,0.274925,0.255059,0.11072,1.76167,
43,28.056,59.7156,122.491,0.469827,18.357,8.37249,2.59457,6.59614,0.945617,4.73528,7.90092,7.81803,2.39554,11.3501,29.5851,1.76712,9.59551,1.72276,13.267,35.2835,34.9914,0.988268,13.283,1.18636,0.699904,4.67952,0.40324,0.166791,0.31461,0.11072,0.776954,
44,25.8335,119.336,471.114,0.216478,18.9642,8.90763,2.50132,10.0362,0.902839,4.00824,36.1873,35.4954,2.33244,12.5282,24.9112,1.66518,17.5517,0.163879,8.88299,231.588,225.253,0.82811,7.86779,1.34441,0.450214,4.67952,0.340037,0.166791,0.2653,0.11072,1.04528,
45,25.8335,80.9921,313.638,0.318963,17.2387,5.60471,2.4235,6.63457,0.944722,2.10175,21.964,21.7734,2.30676,12.312,17.4203,1.85183,8.19439,0.12912,2.29597,142.128,140.495,0.595771,6.50744,1.36482,0.699904,4.77118,0.257769,0.166791,0.2653,0.11072,1.62154,
46,22.4456,218.52,655.32,0.102717,19.0613,9.08448,2.54511,8.42012,1.44683,3.45615,86.5288,85.6093,2.36827,16.3177,22.2321,1.86594,10.6153,3.49733,5.4361,314.349,311.975,1.00054,7.85425,1.36482,0.233162,4.77118,0.251022,0.166791,0.119989,0.0588897,1.1853,
47,22.4456,97.4659,473.108,0.230292,13.3774,3.79763,2.35768,5.61244,0.939895,1.83888,33.9903,33.1716,2.38016,8.13188,9.91554,1.80549,3.77671,0.429121,1.95472,234.529,229.971,1.39324,6.77532,1.58813,0.233162,4.77118,0.408196,0.171488,0.119989,0.0588897,1.6638,
48,22.4456,44.8537,70.6636,0.50042,13.4303,8.4745,1.87582,8.77452,0.93372,3.15083,2.91678,2.75786,2.53926,13.8287,25.5613,1.61616,15.5609,0.13107,5.24278,24.6631,30.9177,1.39985,6.77532,1.58813,0.0509477,4.77118,0.336568,0.171488,0.119989,0.0588897,1.6638,
49,21.1537,91.5543,321.324,0.231051,12.3161,5.04247,1.68305,8.1695,0.97987,4.09508,28.5107,28.2464,2.51105,13.5258,9.57543,1.64724,13.4705,0.374764,8.3418,151.938,149.292,1.43339,6.09032,1.4741,0.0509477,4.37009,0.264111,0.171488,0.119989,0.0588897,1.50411,
50,19.5695,92.5441,477.462,0.211461,8.87218,2.72174,1.2807,5.61106,0.945551,2.90796,34.4763,33.5359,2.19259,7.76857,3.68297,1.02657,4.00891,0.0573932,6.01627,230.625,226.2,0.431149,4.89467,1.4741,0.0509477,4.77118,0.625523,0.235103,0.119989,0.0588897,1.75545,
51,19.5695,137.138,564.58,0.142699,10.1092,3.55009,1.27406,6.70837,0.932925,2.58861,55.2771,54.2521,2.44522,12.0452,6.72301,1.64959,8.324,0.10673,2.45297,272.208,267.01,1.65849,4.847,1.53727,0.0509477,4.7526,0.265555,0.235103,0.119989,0.0588897,1.75545,
52,16.9064,93.4025,496.181,0.181006,8.03278,4.22127,1.01257,5.77981,0.94352,3.27888,34.3836,33.3954,2.35469,7.03499,14.2699,0.978074,4.38774,0.0488444,7.65408,234.14,229.066,1.15084,3.44051,1.53727,0.0509477,4.8808,0.612773,0.235103,0.119989,0.0588897,1.79754,
53,16.9064,24.9673,23.1063,0.677141,7.07978,2.54962,1.00775,6.71447,0.940213,2.20552,1.21403,0.932575,2.32331,5.42289,3.65111,0.622332,11.0318,0.0865491,2.59078,25.5094,32.1754,1.03412,3.44051,1.56809,0.0548943,4.88007,0.336475,0.235103,0.119989,0.0588897,1.89488,
54,16.9064,48.3987,151.047,0.349314,8.55193,5.05185,1.27273,5.82933,0.945761,2.90104,10.8497,10.6129,2.38348,13.6377,17.2022,1.66488,4.54066,0.0367272,6.75713,63.429,64.5667,1.1554,2.65726,1.56056,0.0548943,4.8725,0.696861,0.235103,0.224174,0.112558,1.89488,
55,16.0095,69.3971,232.246,0.230694,9.75538,9.20265,1.55592,7.7916,1.88813,3.0476,16.91,16.6868,2.55899,16.7401,26.1347,2.1019,11.5346,4.83055,7.10136,100.996,101.001,1.88121,2.65726,1.56809,0.0548943,4.95491,0.339657,0.282291,0.12866,0.0960207,0.921444,
56,15.6713,91.5603,485.236,0.171158,6.46436,4.11316,1.35411,6.05413,0.992653,2.46116,34.2888,33.467,2.36488,9.78132,11.3595,2.19056,4.66613,0.975551,8.14688,232.84,228.536,0.858929,2.65726,1.56809,0.147194,4.95491,0.363801,0.282291,0.0783412,0.0237699,1.90717,
57,15.6713,47.7702,185.597,0.328056,6.93634,2.59125,1.31817,6.01738,0.967376,2.65609,12.6165,12.4308,2.23635,14.1595,2.89794,2.02466,4.11994,0.218893,9.7559,84.9508,85.6979,0.441578,3.00219,1.63938,0.147194,5.05067,0.460891,0.277363,0.0783412,0.0237699,1.67489,
58,15.6091,62.0851,312.312,0.251415,4.53935,3.13603,0.985266,6.29877,0.933586,1.39227,21.3026,21.1621,2.33511,5.47177,6.49437,0.63219,7.84287,0.104024,1.95691,144.598,145.026,1.24509,2.79512,1.63938,0.166167,4.9866,0.246075,0.31146,0.0783412,0.0237699,1.87553,
59,15.4427,74.6675,274.219,0.20682,7.9524,7.44699,1.50901,6.03275,0.948198,2.8063,22.8704,22.7682,2.33327,17.072,22.8354,2.51499,4.61758,0.101472,10.9815,112.508,112.308,0.894586,2.77277,1.63938,0.351569,1.24682,0.489721,0.382014,0.0666765,0.0237699,0.946405,
60,15.2388,205.7,638.398,0.0740829,9.37448,10.6175,1.45259,7.82382,0.903423,4.66024,84.54,83.8347,2.49286,19.083,38.1394,2.0285,10.0679,0.157448,11.1399,294.583,291.675,1.49558,2.68565,1.63938,0.0944077,4.31763,0.257972,0.191773,0.0666765,0.0237699,0.559137,
61,15.2388,30.5975,66.3422,0.498042,5.1948,3.11174,1.33028,6.45022,1.29247,3.79076,3.66325,3.57016,2.19381,12.3144,9.71254,1.77583,5.22046,2.08404,11.6222,83.0861,82.5086,0.444328,1.83233,1.59984,0.0944077,5.12625,0.93931,0.191773,0.0666765,0.0237699,1.14681,
62,15.1659,72.668,318.928,0.208701,8.43946,6.08307,1.89953,8.4704,0.963307,1.46464,21.52,21.371,2.45658,18.0582,18.1736,3.08124,12.8293,0.507393,3.05146,141.922,139.056,1.08093,1.83233,1.59984,0.112844,5.10242,0.278095,0.191773,0.0649225,0.0198494,2.0338,
63,14.3173,38.9416,96.9929,0.367662,7.18391,10.7216,1.19229,7.13886,1.05494,3.18254,2.98642,2.90391,2.57712,16.6178,39.3064,1.3687,9.9394,0.621576,9.35929,19.4151,21.5739,1.73447,1.83233,1.59984,0.0234513,5.12625,0.383812,0.191773,0.0649225,0.0198494,2.08303,
64,14.3173,72.0918,368.294,0.198599,5.4187,2.87625,1.4211,7.52494,0.917095,1.91799,24.8795,24.6406,2.49562,12.374,8.45361,2.04948,12.1005,0.197211,6.72968,173.094,171.848,1.55853,1.62384,1.62977,0.172617,5.11814,0.12442,0.191773,0.0649225,0.0198494,2.06642,
65,14.146,89.0527,488.398,0.158849,5.12921,3.9841,1.13777,7.31007,0.927356,1.70376,33.6432,32.8741,2.34317,11.0982,11.5474,0.865968,11.5618,0.0968866,3.3791,232.928,228.38,0.987601,1.59532,1.62977,0.0969785,5.11957,0.336839,0.191773,0.0649225,0.0198494,2.06642,
66,14.146,63.3365,302.436,0.223346,4.96075,2.88334,1.19694,6.80469,0.91522,1.9626,21.1695,21.0353,2.4081,10.4437,5.25167,0.946185,10.9458,0.149036,5.32602,144.069,144.567,1.17461,1.59532,1.62977,0.0521958,5.12899,0.0621573,0.191773,0.0649225,0.0198494,2.06396,
67,14.146,151.084,665.759,0.0936299,4.32091,3.52657,1.4745,6.17281,0.924082,1.90571,65.8435,64.59,2.32575,8.84245,8.55506,1.69285,4.83448,0.105851,5.78129,317.995,318.527,1.14785,1.53813,1.62977,0.368925,5.07896,0.380549,0.168003,0.0649225,0.0198494,1.29804,
68,13.9069,167.703,666.728,0.0829257,6.16379,10.8897,1.66084,7.67869,1.08115,2.90047,68.032,66.6124,2.6841,13.4398,39.2827,1.91494,10.141,1.17018,8.02556,319.764,313.059,2.05292,1.53813,1.62977,0.500304,5.11177,0.386001,0.185278,0.0649225,0.0198494,1.78659,
69,13.3952,114.428,502.604,0.117062,7.34399,8.60096,1.66437,7.65391,1.12262,3.24669,41.5092,40.8162,2.47025,17.8695,25.9822,2.12961,9.65759,1.12347,8.62032,237.895,233.641,1.42965,1.30881,1.68862,0.430414,5.08256,0.353777,0.213248,0.0297704,0.0230046,1.14383,
70,13.3952,121.343,427.899,0.110391,6.67399,10.4911,1.44632,8.53181,3.03706,4.04406,42.3164,42.112,2.6903,17.0016,32.978,1.38767,12.8839,15.0289,12.4748,184.306,183.593,1.73397,1.2353,1.68862,0.430414,5.10045,0.289066,0.22331,0.0774529,0.0264652,2.02315,
71,13.3952,76.019,328.703,0.176209,5.94811,3.31039,1.13424,6.77548,0.971532,1.78942,26.9269,26.8386,2.32424,17.1785,9.52211,0.672531,8.32778,2.05749,4.14583,151.524,149.989,1.1526,1.12205,1.68862,0.291163,5.0938,0.249731,0.243741,0.0774529,0.0264652,1.52731,
72,13.2915,135.66,525.988,0.0979764,6.18721,10.9746,1.54452,9.47663,0.894222,3.46146,50.6528,50.078,2.39084,16.5254,42.3415,1.72316,15.7569,0.19495,12.3397,240.847,241.134,1.02212,1.12205,1.68862,0.430414,5.10914,0.121908,0.178999,0.0620237,0.0264652,1.46699,
73,13.2915,127.09,567.666,0.104583,4.22856,2.98346,1.17116,6.74614,0.923035,2.13941,53.6849,52.9467,2.26697,13.218,10.2253,0.750931,8.60477,0.120524,7.71503,269.011,265.304,0.405053,1.2353,1.68862,0.772191,5.13196,0.241416,0.178999,0.0620237,0.0264652,2.10202,
74,13.2915,155.153,627.849,0.0856671,5.39622,10.7633,1.40461,7.8204,0.969841,3.08786,62.1016,61.0596,2.54937,13.8057,36.1514,1.28343,10.5607,0.416538,9.34331,295.513,291.453,1.45463,1.2353,1.68241,0.772191,5.13196,0.243876,0.284324,0.0620237,0.0264652,2.10917,
75,13.1849,29.8093,79.5309,0.442307,4.13727,7.8175,1.40009,7.98895,0.923016,1.42429,1.89034,1.84127,2.38663,12.7784,29.8005,1.62938,13.6958,0.122777,5.73331,53.8234,27.2206,1.10836,1.16067,1.68426,0.789838,5.11646,0.365926,0.204666,0.0620237,0.0264652,2.1045,
76,13.1849,85.6953,478.022,0.153858,4.20475,3.67963,1.44315,6.08739,0.980885,1.15411,33.2201,32.5111,2.41425,13.4981,10.4159,1.71752,4.74291,0.332308,3.91901,231.97,227.143,1.32086,1.12019,1.68426,0.789838,5.13062,0.428042,0.204666,0.0258222,0.0115714,2.08963,
77,13.1849,58.3783,314.254,0.225852,2.87054,3.92841,1.15673,6.11653,0.932191,0.887782,20.1878,20.0558,2.24262,10.7193,15.1021,0.435378,6.37246,0.105378,2.13983,140.735,140.078,0.208421,1.12019,1.67134,0.830894,5.16049,0.277383,0.204666,0.0258222,0.0141428,2.13091,
78,13.1849,169.826,632.314,0.0776375,5.3661,6.94385,1.3282,7.49162,0.911928,1.52622,72.3542,71.422,2.48197,16.3111,24.0591,0.895765,9.52967,0.14006,3.71322,300.118,295.629,1.39925,1.12019,1.67802,0.750096,5.17158,0.26025,0.204666,0.0620237,0.0264652,1.79434,
79,13.1035,33.7809,89.9517,0.387897,4.68285,6.32344,1.69067,6.73142,1.01028,2.59727,4.1538,4.08851,2.50266,14.0596,19.0808,2.18658,6.13457,0.370678,10.3032,71.3047,70.4832,1.39205,1.12019,1.68426,0.750096,5.17064,0.94223,0.193302,0.0160089,0.00910625,1.7367,
80,13.0159,89.9274,503.022,0.144738,3.78035,6.04355,1.38689,6.23823,1.02895,1.82397,34.0327,33.2581,2.33456,12.6444,21.6202,1.14459,5.34187,0.643278,7.82753,233.356,231.02,0.909405,1.12019,1.68426,0.830894,5.15424,0.554893,0.204666,0.0160089,0.00910625,1.04141,
81,13.0159,44.3989,182.521,0.293158,4.05569,3.1054,1.53218,6.92772,0.962883,1.32226,12.0245,11.9852,2.48307,13.7507,7.49151,1.80506,10.7654,0.234227,6.0766,83.497,83.4415,1.47043,1.11665,1.6726,0.793061,5.1693,0.340156,0.186645,0.0160089,0.00910625,2.16155,
82,12.9717,85.6008,346.684,0.151537,5.84874,4.42567,1.81822,6.72673,0.984782,1.58802,30.9948,30.9005,2.3133,18.2766,12.7652,2.35647,7.70962,0.42256,7.63827,157.515,157.558,0.623983,1.06659,1.6726,0.776717,5.17693,0.256511,0.156733,0.0160089,0.00910625,1.11413,
83,12.9717,84.4072,471.979,0.15368,3.90704,3.62932,1.5092,6.11109,0.97956,1.14105,32.6898,32.0146,2.42564,13.332,9.61332,1.7636,4.55442,0.32796,4.49828,226.691,222.283,1.33999,1.05363,1.67205,0.762501,5.17693,0.380691,0.181019,0.0160089,0.00910625,2.17394,
84,12.8224,124.083,533.015,0.103337,5.24139,6.92983,1.64928,6.59375,0.945984,2.20083,49.3265,48.6502,2.54548,15.9636,23.4119,1.96515,5.76182,0.117056,8.49708,252.557,248.822,1.54801,1.01315,1.67205,0.762501,5.18632,0.368338,0.181019,0.0160089,0.00910625,2.17394,
85,12.7838,81.9454,481.822,0.156004,2.27086,2.49924,1.4236,5.66405,0.934243,2.1152,32.7077,32.0494,2.28119,8.03459,6.89544,1.04141,3.37818,0.0804301,12.2639,229.817,224.357,0.523619,1.01315,1.67205,0.734701,5.17245,0.377405,0.176809,0.0160089,0.00910625,2.17099,
86,12.7838,171.487,642.543,0.0745467,5.14155,2.64749,1.5736,7.809,0.912944,3.25923,74.2084,73.3185,2.61646,16.4355,5.4425,1.61332,10.6599,0.14073,13.1391,298.313,301.176,1.88652,1.01315,1.66994,0.622455,5.17738,0.252542,0.181019,0.0160089,0.00910625,2.17394,
87,12.7838,88.1003,458.518,0.145105,3.85274,3.9743,1.68465,6.1569,0.94576,0.75678,34.4171,33.8833,2.42875,13.6385,12.3684,2.13722,4.93052,0.127532,3.21042,220.246,220.142,1.09234,1.01315,1.67205,0.823164,5.1828,0.337558,0.181019,0.0389035,0.0208309,2.17394,
88,12.7838,221.97,731.864,0.0575926,7.7106,8.40417,1.99662,8.68784,0.896349,2.77529,95.0788,93.7256,2.69454,19.7669,27.4897,2.48127,12.9853,0.165147,9.21743,352.56,349.258,1.73264,1.00054,1.67205,0.6747,5.18131,0.252295,0.181019,0.0208031,0.00983327,2.17394,
89,12.7397,88.5301,472.736,0.143903,3.06259,5.22037,1.50779,7.06106,0.927245,1.6527,33.7169,32.9887,2.3927,10.7727,22.168,1.47606,10.3818,0.0959486,7.08552,232.864,223.514,1.09767,0.999286,1.67205,0.6747,5.18131,0.39671,0.181019,0.0208031,0.00983327,2.17394,
90,12.6416,34.1378,98.6284,0.370309,4.34896,4.04395,1.88367,6.48468,1.22785,0.852763,6.49201,6.46155,2.3424,14.9254,10.2023,2.57661,5.24798,1.67222,2.64488,44.701,47.8684,0.691329,0.986669,1.68724,0.883566,5.18131,0.943884,0.182164,0.00819306,0.00269618,2.19023,
91,12.6149,25.5875,63.8464,0.49301,3.62213,6.12888,1.27509,6.22333,1.04401,1.96101,1.45464,1.4311,2.44727,13.1197,22.3741,0.828004,5.22472,0.678207,9.53505,8.32186,8.61255,1.1654,0.916306,1.69799,0.827243,5.18131,0.944223,0.190774,0.00819306,0.00269618,2.18193,
92,12.6118,189.595,572.18,0.0665193,8.39758,10.1794,1.74851,8.93379,1.02506,1.77812,77.515,77.2887,2.72925,22.296,33.2973,1.96692,12.0985,0.941218,5.72421,252.181,258.696,1.74643,0.916306,1.69799,0.827243,5.18393,0.250661,0.190774,0.00819306,0.00269618,2.18193,
93,12.6091,66.9196,325.579,0.188421,4.20887,8.88535,1.41731,6.28709,1.08039,0.809043,20.9976,20.8462,2.38768,16.2235,34.8668,1.46306,6.67898,1.04316,2.53386,149.852,148.872,1.45142,0.916306,1.72843,0.827243,5.18676,0.305983,0.191138,0.00819306,0.00269618,1.14116,
94,12.6091,114.231,458.362,0.110383,6.64815,6.3115,1.72604,7.67864,1.00484,3.64138,42.4968,42.33,2.3932,19.3392,19.3346,2.09457,9.01576,0.462645,12.4078,205.63,203.674,0.843546,0.916306,1.73205,0.827243,5.18709,0.226858,0.209252,0.00819306,0.00269618,2.1891,
95,12.5509,270.003,853.224,0.0464844,7.3696,9.33167,1.88329,8.92942,0.893802,2.51458,119.299,117.188,2.59368,19.2503,28.3242,2.6529,12.6411,0.194442,9.59011,400.591,405.627,1.99269,0.916306,1.73205,0.852089,5.18734,0.28743,0.197089,0.00819306,0.00269618,0.839093,
96,12.5509,62.1637,321.219,0.201901,3.94181,6.37938,1.4095,6.45327,0.975441,0.876206,19.9874,19.8344,2.30626,14.8972,27.1486,1.44271,6.48219,0.322235,3.29192,161.756,167.098,0.628154,0.916306,1.73205,0.852089,5.18653,0.330278,0.197932,0.00819306,0.00269618,2.17946,
97,12.5509,56.36,306.084,0.222692,2.21136,1.95298,1.35281,6.24418,0.931377,0.334375,20.5555,20.484,2.29343,8.62892,4.06408,1.7033,7.3059,0.106617,0.606303,143.409,143.074,0.563945,0.916306,1.73205,0.855855,5.18734,0.25179,0.197932,0.00819306,0.00269618,2.19066,
98,12.5335,62.1022,346.371,0.20182,5.3845,5.61414,1.26517,6.04632,0.933385,1.39845,19.6654,19.4946,2.30015,30.7617,27.1152,1.24272,5.91031,0.0837287,7.63903,137.226,136.156,0.600835,0.916306,1.73707,0.862798,5.1849,0.347415,0.194913,0.0185892,0.00601829,2.17925,
99,12.5007,55.1949,298.122,0.226482,1.34811,2.08198,1.2633,6.24839,0.931536,0.458755,20.3401,20.2636,2.2592,4.39667,4.09623,1.46191,7.32202,0.096685,1.32977,141.897,141.576,0.293843,0.917772,1.74169,0.883527,5.18907,0.255007,0.197932,0.0185892,0.00601829,2.19332,
100,12.5007,212.45,791.114,0.0588406,4.51915,4.29541,1.72273,6.63404,0.911326,0.841918,96.4144,94.5824,2.52824,14.3645,10.7339,2.53068,5.70199,0.133693,3.17477,389.176,381.799,1.50275,0.909155,1.74844,0.895224,5.18656,0.285642,0.197932,0.0200057,0.00601829,2.18293,
101,12.4691,88.02,380.042,0.141662,3.92132,5.53422,1.47437,7.27728,0.920246,2.11499,32.3587,32.219,2.19986,14.4647,19.7435,2.09724,10.2918,0.12304,12.2552,174.944,169.806,0.342787,0.854706,1.74844,0.91369,5.18959,0.313772,0.197932,0.0200057,0.00601829,1.49104,
102,12.4523,119.193,444.052,0.104472,6.86077,6.95325,1.49369,8.64095,0.913505,1.50748,45.3624,45.1778,2.28318,19.9246,20.4193,1.73317,14.1481,0.163015,4.55182,197.12,196.804,0.523482,0.854706,1.74414,0.941808,5.19011,0.278891,0.197932,0.0200057,0.00601829,0.787668,
103,12.4523,55.3408,211.916,0.225011,4.79347,4.57733,1.65741,7.12161,6.0484,1.83582,13.4627,13.4441,2.39988,15.5079,19.0761,2.4119,8.89933,36.0286,9.86466,93.5039,93.4617,1.04647,0.854706,1.74414,0.822803,5.19193,0.315749,0.203327,0.0200057,0.00601829,1.51583,
104,12.4523,102.485,440.717,0.121503,3.92991,3.15302,1.4042,7.41717,0.917801,0.664982,41.254,41.1394,2.60475,14.6557,9.355,1.79804,10.8688,5.0814,2.60494,200.762,203.859,1.93004,0.854706,1.74844,0.798414,5.18831,0.254975,0.203327,0.0200057,0.00601829,2.19496,
105,12.4523,34.062,103.267,0.365577,4.32499,5.9994,1.50363,6.28603,0.98684,1.57596,5.45039,5.43564,2.49913,14.1392,19.8911,1.9407,5.30599,0.183106,6.11856,40.3154,49.3588,1.37811,0.830843,1.74587,0.822803,5.19131,0.944565,0.203327,0.0200057,0.00601829,2.19958,
106,12.4259,140.202,573.511,0.0886286,6.0173,5.59683,1.55783,7.48102,3.73745,2.73449,55.6176,54.894,2.5653,17.5375,12.9614,1.85624,8.86445,19.5993,8.57296,273.893,269.592,1.41317,0.854706,1.75843,0.822803,5.18833,0.261546,0.203327,0.0200057,0.00601829,2.19686,
107,12.4069,133.673,561.464,0.0928156,6.5259,4.85741,1.4364,7.5001,1.04308,1.34182,54.5246,53.7071,2.73671,19.2574,12.3669,1.4884,8.78042,2.7298,4.19536,269.653,265.121,1.95917,0.849383,1.74199,0.940126,5.19131,0.253391,0.205368,0.0393061,0.0124603,2.19757,
108,12.4069,85.8656,477.461,0.144493,3.36762,3.57026,1.28469,7.16231,0.923179,1.81714,33.0916,32.4414,2.2074,12.336,9.50491,1.26376,10.9893,0.162507,9.16533,228.388,224.404,0.568068,0.847186,1.76141,0.941808,5.19131,0.344586,0.220631,0.0306408,0.0097205,0.984996,
109,12.4069,122.153,507.897,0.101569,4.18584,8.16047,1.43347,7.41095,1.03414,1.61862,48.1558,47.4738,2.68021,13.5631,26.3354,1.80216,10.4126,0.803796,5.26123,246.804,242.663,1.69023,0.843649,1.76141,0.948242,5.19131,0.364885,0.229126,0.0306408,0.0097205,2.19958,
110,12.4047,135.352,479.67,0.0916482,4.92923,7.8152,1.38193,9.85265,0.894526,1.50748,53.2062,52.9963,2.76825,15.7988,29.8058,1.49898,16.5164,0.222071,4.08445,213.219,213.155,1.96316,0.839092,1.76819,0.937009,5.19131,0.263457,0.22987,0.0306408,0.0097205,2.20016,
111,12.3817,230.7,727.711,0.0536702,6.16313,5.84993,1.44252,9.85499,0.877091,2.46773,101.276,100.28,2.48891,17.9575,17.0689,1.70053,15.0106,0.209976,6.79994,345.56,343.203,1.23002,0.839092,1.77112,0.933451,5.19131,0.0351227,0.22987,0.0306408,0.0097205,1.60221,
112,12.3534,61.807,320.24,0.199871,4.08237,3.60738,1.13437,6.84455,0.951042,0.893205,20.9505,20.8811,2.46248,15.8422,9.60042,0.726792,9.02852,0.183556,2.98616,158.752,164.078,1.42781,0.835946,1.76198,0.948933,5.18823,0.253411,0.211182,0.0393061,0.0124603,2.19411,
113,12.3534,77.3723,327.246,0.159662,6.65661,11.5967,1.43675,8.62377,0.944362,2.9357,21.382,21.221,2.57531,19.6884,35.8296,1.61639,12.7033,0.165199,9.37932,136.929,136.029,1.43654,0.835946,1.76198,0.938077,5.19732,0.331225,0.223711,0.0398487,0.012653,2.04001,
114,12.3534,27.9462,108.634,0.442042,2.3243,4.69248,1.05264,6.47187,0.933817,0.690149,4.74127,4.71007,2.32966,10.2631,21.4308,0.48631,8.88551,0.0829896,3.44564,32.7265,36.5352,0.815727,0.828796,1.76916,0.944331,5.196,0.357718,0.224812,0.0413284,0.012653,2.20733,
115,12.3502,103.223,444.871,0.119646,3.49559,7.82828,1.30026,6.96079,0.919503,0.742691,39.9534,39.6967,2.32555,12.9788,29.778,1.68178,8.60855,0.128647,2.97778,193.567,197.526,0.747722,0.828796,1.76916,0.918011,5.196,0.289267,0.224812,0.0413284,0.012653,2.20733,
116,12.3498,85.1235,471.632,0.145081,3.2978,2.86238,1.30241,7.22839,0.921792,1.52781,33.109,32.4766,2.39729,11.9598,7.19792,1.68423,11.3307,0.116842,7.1847,228.482,224.471,1.09963,0.828115,1.76973,0.930341,5.19596,0.338859,0.224812,0.0420758,0.012653,2.20733,
117,12.3459,87.8571,480.638,0.140522,3.1101,4.66257,1.15995,6.3012,0.940304,1.62771,34.1581,33.3814,2.5157,11.8895,16.1439,0.899962,5.41933,0.0501495,6.64689,233.364,228.218,1.4684,0.825136,1.76973,0.907554,5.19532,0.618414,0.224812,0.0420758,0.012653,2.21005,
118,12.3282,127.794,534.65,0.0964694,5.82966,5.04276,1.5174,7.88835,0.917989,1.63827,51.5884,50.7951,2.57634,16.9093,16.2434,1.98362,12.1977,0.119352,6.31386,260.032,254.957,1.72587,0.808913,1.77908,0.930341,5.196,0.3356,0.249861,0.0477831,0.0149263,1.01883,
119,12.3222,43.4355,217.415,0.283691,2.19936,1.9011,1.02843,5.68614,0.93359,0.586132,14.4118,14.3752,2.31367,10.1181,3.19841,0.566039,3.89191,0.0864239,2.14976,102.828,106.588,0.724913,0.808913,1.77908,0.930341,5.19538,0.338051,0.268061,0.0492707,0.0149263,2.20879,
120,12.3071,31.7261,114.075,0.387918,3.85908,2.70833,1.44462,7.12411,0.948791,0.409105,6.48166,6.45012,2.30027,14.773,4.57385,2.32515,10.5515,0.139728,0.694967,44.2499,44.2886,0.420613,0.808913,1.77883,0.922818,5.19509,0.33054,0.263721,0.0492707,0.0149263,2.20879,
121,12.3071,63.9247,312.22,0.192525,3.50229,4.84102,1.22824,7.65581,0.920394,1.18876,21.1947,21.1006,2.29294,13.1149,19.5782,1.4339,12.1912,0.128058,4.65527,142.033,142.426,0.392811,0.808913,1.77883,0.922818,5.19363,0.260019,0.263721,0.0492707,0.0149263,2.20805,
122,12.2993,84.0336,501.854,0.146361,1.92376,4.02897,1.10284,5.81712,0.937864,1.1245,33.7573,33.0083,2.33296,7.81777,15.6706,0.908607,4.68646,0.0581046,5.80683,236.571,231.228,0.812844,0.798018,1.77883,0.935353,5.19573,0.549217,0.263506,0.0492707,0.0149263,2.20879,
123,12.2993,60.4282,336.677,0.203535,2.38948,3.7182,1.15681,6.39457,0.932075,1.545,20.9684,20.8939,2.42985,10.9475,13.4741,1.2737,8.33875,0.096477,8.77904,147.479,146.374,1.49763,0.798018,1.77883,0.935353,5.19511,0.258044,0.263721,0.0557217,0.0165344,2.20975,
124,12.2993,105.655,426.071,0.11641,5.08885,10.3768,1.50213,7.5508,0.922131,1.70935,38.1621,38.0004,2.3421,16.8272,34.7723,2.16415,9.4952,0.119611,7.49146,184.38,183.889,1.16992,0.798018,1.77883,0.935353,5.19511,0.321474,0.263721,0.0557217,0.0165344,0.928583,
125,12.2992,201.338,666.311,0.0610871,5.35224,8.58505,1.36229,7.61609,0.906901,3.59728,86.0747,85.2512,2.59228,16.2368,29.108,1.49988,9.27187,0.150727,13.8443,298.273,305.349,1.64112,0.798018,1.78571,0.935353,5.19609,0.275136,0.269557,0.0557217,0.0165344,1.75488,
126,12.2903,72.693,319.04,0.169071,5.00354,7.62885,1.60695,9.07437,0.909559,2.10875,22.0226,21.9333,2.40505,16.7607,28.0873,2.54085,15.2977,0.144436,8.87364,152.063,154.865,0.874217,0.798018,1.78571,0.955715,5.19485,0.258485,0.27158,0.0558473,0.0166939,2.20962,
127,12.289,68.1811,322.315,0.18024,3.736,7.30862,1.15767,6.51716,0.988023,1.3727,22.3976,22.2866,2.41671,14.4185,27.3078,1.11205,7.48769,0.41243,5.92817,140.153,139.628,1.15659,0.797876,1.78582,0.948234,5.19544,0.258289,0.271623,0.0558473,0.0166939,2.21113,
128,12.289,164.207,584.683,0.0748382,5.82715,7.40811,1.60253,8.81444,0.895983,1.42364,68.1381,67.5663,2.53109,18.0688,25.3298,2.30074,13.6431,0.192902,5.5037,265.944,272.062,1.77053,0.797876,1.78738,0.953679,5.19544,0.280319,0.275828,0.0558473,0.0166939,0.887298,
129,12.289,108.801,383.386,0.112949,8.9833,14.709,1.82913,9.1541,1.12909,3.57243,33.3939,33.1884,2.84169,22.6355,40.2915,2.5739,11.4016,1.25979,12.0004,161.545,159.011,1.91127,0.796314,1.78954,0.953044,5.19599,0.289894,0.275828,0.0558473,0.017581,2.21185,
130,12.2706,24.4262,84.9027,0.502354,2.47144,4.10953,1.16301,5.27842,0.962871,0.333122,3.86153,3.82076,2.42546,11.6636,19.2774,1.41213,3.91519,0.204457,2.24575,36.9468,39.3524,1.51402,0.790699,1.78702,0.953679,5.19599,0.945738,0.275828,0.0558473,0.017072,2.21201,
131,12.2706,49.6417,232.929,0.247182,2.58718,3.54487,1.13349,6.93679,0.944031,1.05592,15.4841,15.4371,2.51828,9.59063,9.0715,0.925608,10.918,0.114408,3.86891,105.62,105.578,1.6261,0.786059,1.78863,0.952736,5.19675,0.337254,0.272508,0.0556155,0.0167596,2.2131,
132,12.2706,52.2879,229.692,0.234673,4.28673,4.18082,1.16939,7.74295,0.976131,1.41305,14.9799,14.9488,2.59024,15.9953,9.73743,0.836255,11.81,0.39877,4.61227,100.923,100.973,1.70608,0.786059,1.79084,0.946539,5.19675,0.33648,0.27078,0.0556155,0.0167596,2.21341,
133,12.2631,86.8588,471.963,0.141184,3.26133,3.00273,1.13135,8.77083,0.91467,1.54693,33.3146,32.5549,2.36145,11.8435,5.23224,0.773053,15.5827,0.141342,5.15535,231.496,226.178,0.618736,0.783307,1.79117,0.946539,5.19675,0.336888,0.2713,0.0554722,0.0163562,2.21341,
134,12.2631,131.42,556.439,0.0933123,6.39965,3.80273,1.36517,7.7739,0.950556,1.37494,54.0661,53.2365,2.45016,18.8546,10.5359,1.734,9.49718,0.183631,4.26524,269.449,264.892,1.01529,0.783307,1.79117,0.952736,5.19705,0.255713,0.2713,0.0554722,0.0163562,2.21327,
135,12.2623,86.6269,477.761,0.141553,3.18572,2.87883,1.19029,7.21299,0.9278,2.28674,33.6707,32.8756,2.39824,12.2715,5.7849,1.22745,11.2599,0.0965423,12.7636,234.868,228.195,1.07153,0.781388,1.7919,0.945378,5.19705,0.340285,0.272508,0.0554722,0.0163562,2.21406,
136,12.2623,24.1123,58.79,0.508549,3.74589,4.80945,1.25805,7.32503,0.945354,1.80657,0.924299,0.887418,2.41029,14.5869,15.668,1.4553,11.4141,0.119079,8.48526,13.3812,31.9816,0.953084,0.781388,1.7919,0.945378,5.19727,0.343475,0.272508,0.0554722,0.0163562,2.21439,
137,12.2612,244.837,745.561,0.0500792,9.8753,13.1463,1.79929,8.44977,8.06743,4.17908,98.9113,97.4276,2.98062,22.8905,37.1209,2.29759,8.98822,49.7195,13.2102,339.037,340.829,2.35412,0.778897,1.7919,0.940848,5.19786,0.272401,0.272508,0.0554722,0.0163562,0.862292,
138,12.2611,33.9026,126.658,0.361656,3.31722,3.80867,1.21395,7.17134,0.991749,1.97346,6.56231,6.53108,2.33281,14.4565,14.3239,1.39947,11.3122,7.01604,9.44421,44.5283,100.305,0.942505,0.778897,1.79107,0.943885,5.19786,0.336377,0.267363,0.055589,0.0163671,2.21537,
139,12.2572,75.7305,269.639,0.161853,6.28249,15.6897,1.34165,9.14496,1.03045,2.71501,18.5126,18.4253,2.58832,18.7557,48.9123,1.58755,15.0482,0.848802,9.97073,107.24,106.926,1.62748,0.776282,1.79116,0.943885,5.19801,0.328514,0.267363,0.055589,0.0163671,1.10284,
140,12.2563,94.3902,474.216,0.129847,5.07927,6.35338,1.39918,6.83466,2.20171,2.55265,34.0752,33.3439,2.55035,16.296,22.9509,1.59687,6.17754,8.39044,10.3541,228.414,224.83,1.61658,0.776282,1.79289,0.939879,5.19801,0.419421,0.276517,0.0552155,0.0162503,1.67119,
141,12.2552,145.913,561.264,0.0839898,6.53457,10.1437,1.94187,9.18344,0.904361,1.86584,56.6843,55.9282,2.72636,18.4437,28.1632,2.94799,13.0957,1.29395,8.31135,267.408,262.335,1.91537,0.776282,1.79154,0.943885,5.19801,0.257285,0.274457,0.0552155,0.0162503,1.21425,
142,12.2536,135.107,530.922,0.0906956,6.82876,8.07852,1.46124,9.98678,0.900347,3.0776,51.5354,50.7667,2.47174,18.8577,25.0035,1.59446,17.0163,0.15057,9.97446,250.115,244.872,1.50005,0.776282,1.79154,0.945378,5.19801,0.315468,0.275782,0.0552155,0.0162503,1.39025,
143,12.2536,134.928,530.565,0.0908163,6.34633,6.49063,1.44007,7.36902,0.968159,2.01834,54.2426,53.5795,2.47287,19.1426,18.0147,1.93158,8.12719,0.412986,8.14615,250.213,246.146,1.43808,0.776282,1.79143,0.956082,5.19819,0.39047,0.272996,0.0552155,0.0162503,0.888196,
144,12.251,66.3146,322.105,0.18474,3.25182,5.70713,1.32634,6.53681,0.924514,0.915305,22.7429,22.6198,2.2899,12.8174,19.1856,1.90191,7.10016,0.11629,4.31942,145.233,144.513,0.794831,0.776214,1.79154,0.956082,5.19819,0.280985,0.274235,0.0552155,0.0162503,0.574727,
145,12.251,77.3627,332.212,0.158358,5.35261,2.52953,1.28038,7.03986,1.61971,1.93091,27.7021,27.6135,2.29411,18.1143,4.58008,1.46946,8.42918,4.71899,7.43848,150.87,150.474,0.590512,0.776133,1.79198,0.942165,5.19815,0.256718,0.271376,0.0552155,0.0162503,1.71909,
146,12.2508,66.6593,233.655,0.183782,4.84253,7.40443,1.37902,6.87561,1.08222,3.19007,19.6851,19.6594,2.54093,16.3721,27.3372,1.70062,8.56794,0.969369,12.2875,92.8629,93.5904,1.58747,0.776133,1.79325,0.942165,5.19815,0.32044,0.271376,0.0552155,0.0162503,2.21576,
147,12.249,79.7001,472.123,0.153689,1.94935,2.45763,1.09339,5.67923,0.934542,0.620456,32.6966,32.0711,2.19782,8.30953,6.73376,0.965837,3.36146,0.166573,3.22206,229.262,224.75,0.366668,0.775054,1.79347,0.948132,5.19815,0.378579,0.271376,0.0545835,0.01624,1.23775,
148,12.249,183.781,608.638,0.0666499,10.1786,14.1472,2.01677,10.3085,0.950633,4.70669,69.7116,68.9251,2.83611,23.554,39.925,2.86178,14.0428,0.288384,13.7245,278.3,270.714,1.94058,0.774992,1.79394,0.948132,5.19837,0.266678,0.271376,0.0545757,0.01624,1.68662,
149,12.2479,34.7645,108.008,0.352311,5.07573,4.21687,1.29989,6.53529,1.24276,0.978735,6.54351,6.50788,2.3638,17.5864,14.9187,1.90799,6.35283,1.91155,4.88405,51.7746,69.7411,0.90927,0.774229,1.79379,0.951696,5.19836,0.945859,0.27803,0.05431,0.0161255,2.21642,
150,12.2456,89.1973,510.9,0.137287,3.27695,5.30784,1.19294,7.47691,0.925343,2.34431,33.5608,32.8119,2.30025,12.4558,21.4964,1.27948,11.9116,0.330928,12.5911,233.543,230.495,0.638649,0.774219,1.79379,0.946898,5.19828,0.335429,0.27803,0.05431,0.0160886,1.85208,
151,12.2448,158.757,597.765,0.0771294,5.04272,5.67583,1.29498,9.56439,0.900669,2.81942,65.86,65.0339,2.56518,15.0841,16.3676,1.38137,15.4913,0.159773,10.4605,278.932,273.697,1.88286,0.774082,1.79379,0.951381,5.19829,0.26502,0.278035,0.0535227,0.0160886,0.707215,
152,12.2448,280.758,784.639,0.0436135,8.88797,6.01035,1.91084,9.2486,0.976529,4.05949,124.06,122.925,2.6786,21.9131,17.6613,2.63805,12.84,0.700053,12.6083,371.331,370.277,1.75439,0.773861,1.79357,0.951381,5.19826,0.24597,0.278035,0.0529592,0.0160015,2.21631,
153,12.2432,89.8554,382.499,0.136254,3.81556,6.75539,1.27365,6.73745,0.921445,1.1937,33.3727,33.2423,2.54319,15.5277,26.5085,1.79654,8.02998,0.131903,6.3585,180.672,189.765,1.63188,0.773191,1.79379,0.952696,5.19802,0.320159,0.27783,0.0529592,0.0158186,2.21572,
154,12.2432,161.085,615.431,0.0760045,4.74201,9.54859,1.22558,7.61591,0.914656,1.26403,67.1755,66.2465,2.35223,15.8592,32.8471,1.36062,9.81846,0.128364,4.82248,285.68,281.057,0.840656,0.772959,1.79461,0.952696,5.19802,0.297396,0.27783,0.0529592,0.0158186,1.1156,
155,12.243,60.5044,307.994,0.202348,3.11706,2.56595,1.16049,7.82799,0.919769,1.43551,20.6414,20.562,2.27424,11.9027,8.06784,0.986069,13.1114,0.128502,5.65043,146.375,145.902,0.337881,0.772272,1.79464,0.94829,5.19837,0.245623,0.276798,0.0523063,0.0158186,2.21631,
156,12.2418,60.6643,317.109,0.201796,2.72718,3.15445,1.1102,6.82,0.948619,1.83342,20.879,20.7988,2.39268,10.716,6.95397,0.749567,8.67085,0.155991,9.28544,144.854,144.568,1.18427,0.771665,1.79504,0.94829,5.19837,0.249684,0.276798,0.0523063,0.0158186,2.21633,
157,12.2418,64.3392,311.721,0.19027,3.55624,4.96802,1.12249,7.66176,0.920924,1.17808,21.3964,21.3148,2.2205,13.7591,21.7062,0.825064,12.1872,0.126234,4.54558,143.059,142.69,0.381157,0.771665,1.79504,0.94888,5.19837,0.256238,0.276616,0.052646,0.0158186,0.605816,
158,12.2412,46.7753,116.249,0.261702,7.79235,7.25042,1.84654,9.52186,0.995072,2.4312,7.3029,7.26921,2.36577,21.5036,21.4074,2.80554,14.8358,0.342579,8.84449,35.7405,36.5993,0.659011,0.770546,1.79458,0.944902,5.19837,0.339377,0.273935,0.0520281,0.0158186,1.42065,
159,12.241,57.0778,313.844,0.214461,2.22369,2.02284,1.15292,6.23872,0.932095,1.15455,20.5833,20.4883,2.28151,10.158,5.40834,1.5003,7.98686,0.115218,6.176,142.962,143.938,0.461162,0.770294,1.79492,0.944902,5.19844,0.2551,0.275414,0.0524563,0.0158186,2.21633,
160,12.2403,87.2863,341.261,0.140231,6.96201,4.38698,1.72199,9.17197,0.981565,3.66295,29.0256,28.8915,2.48179,19.571,11.8412,2.57225,13.2369,0.30717,12.8176,150.777,151.291,1.2838,0.770096,1.03167,0.944902,5.19844,0.259773,0.276798,0.0524563,0.0158186,0.575444,
161,12.2396,134.027,552.09,0.0913217,5.82423,6.39558,1.56224,8.67879,0.898337,2.10903,53.5186,52.7988,2.24124,17.232,21.6581,2.16303,14.7624,0.181948,8.27855,268.171,263.718,0.409273,0.769129,1.79492,0.944865,5.19844,0.295618,0.275942,0.0524563,0.0158951,1.1968,
162,12.2394,160.002,588.89,0.0764951,4.96159,9.44325,1.43895,7.59169,0.902853,0.939498,66.4517,65.9759,2.29657,16.7755,31.6958,2.17963,9.57145,0.17185,4.45713,264.355,264.458,0.672505,0.768937,1.79483,0.944865,5.19842,0.103397,0.275942,0.0524563,0.0159317,1.40838,
163,12.2392,79.709,453.627,0.153548,2.92005,3.36345,1.35923,6.06826,0.9661,0.892151,31.1538,30.598,2.38804,10.7268,11.4237,1.95786,4.52917,0.247301,4.0745,221.821,218.577,1.45111,0.768865,1.79503,0.946362,5.19842,0.362121,0.275942,0.0524125,0.0158829,0.599791,
164,12.2373,32.5109,84.8242,0.376405,5.21042,7.34245,1.42411,6.81457,1.06422,2.10552,3.03622,2.98412,2.52926,17.8076,29.6548,2.0286,7.70705,0.654926,8.95989,26.9979,29.2389,1.44626,0.767016,1.79504,0.946791,5.19842,0.358207,0.277009,0.0523214,0.0159317,2.21649,
165,12.2373,68.3419,331.767,0.179059,5.41804,7.90112,1.3011,7.09658,0.958418,2.54903,20.4364,20.2275,2.4538,18.4376,31.126,1.42004,7.71649,0.17343,10.2477,137.592,136.552,1.20622,0.767016,1.79436,0.955353,5.19847,0.36189,0.276106,0.0523214,0.0159317,1.96888,
166,12.2373,199.749,650.197,0.0612631,6.92977,8.91804,1.30623,9.42835,0.882088,3.66488,83.5025,82.6749,2.44248,18.9324,28.2453,1.368,15.0287,0.211982,12.0325,300.134,308.505,0.832026,0.767016,1.794,0.725282,5.19847,0.0339612,0.275964,0.0524125,0.0159317,1.96209,
167,12.2373,147.511,506.622,0.0829584,6.44235,9.1136,1.3468,8.5458,0.905696,2.16665,58.3127,58.1354,2.54179,19.5006,28.505,1.36063,11.5838,0.158417,6.94591,228.877,228.306,1.37129,0.767016,1.794,0.955353,5.19847,0.246494,0.276076,0.0524125,0.0158784,2.21639,
168,12.2353,160.59,667.488,0.0761896,5.99969,7.19812,1.6229,8.01224,0.940716,3.62522,66.009,64.6915,2.49105,17.9517,24.5217,2.28059,11.0942,0.241843,11.9336,318.25,312.123,1.23068,0.76526,1.79436,0.955725,5.19847,0.369448,0.276106,0.052537,0.0158784,1.49417,
169,12.2353,160.54,589.799,0.0762137,8.14294,5.51133,1.45273,9.09002,0.950984,3.50704,64.9518,64.2601,2.67251,22.2034,11.6016,1.59664,13.7919,0.394038,11.9212,276.07,272.399,1.6984,0.76526,1.79436,0.955595,5.19854,0.263613,0.275971,0.052537,0.0158784,2.21639,
170,12.2353,73.284,277.139,0.166958,3.47015,5.83385,1.3302,6.76561,1.06591,0.696595,25.8563,25.8002,2.46511,12.8361,16.7836,1.78734,8.84648,0.917785,2.56655,130.327,129.394,1.19455,0.76526,1.7951,0.950808,5.19841,0.314693,0.275971,0.0522944,0.0158784,2.21632,
171,12.2353,91.1875,481.156,0.134178,3.18126,5.2144,1.38655,5.76555,0.964607,1.32337,35.7843,35.1324,2.43502,11.8644,19.3742,2.08047,3.43958,0.241274,6.48004,231.152,226.863,1.11698,0.76526,1.79523,0.950036,5.19841,0.415576,0.276426,0.0522944,0.0159082,2.21632,
172,12.2353,84.9629,478.119,0.144008,3.34797,2.89531,1.21083,7.24426,0.921397,1.89868,32.8982,32.2855,2.26083,12.6456,5.85543,1.31113,11.3235,0.127623,8.77732,228.095,224.128,0.461511,0.764668,1.7953,0.947174,5.19841,0.33044,0.276426,0.0522944,0.015844,1.47182,
173,12.2343,61.83,313.329,0.197871,3.62976,3.12178,1.01226,7.78229,0.919817,1.24708,20.9272,20.8419,2.34798,14.1747,8.84559,0.315269,12.8113,0.12817,5.81627,144.908,143.64,0.740781,0.764119,1.7953,0.947174,5.19841,0.24609,0.276974,0.0522944,0.0157676,2.21629,
174,12.234,150.433,665.768,0.0813253,3.6131,4.16141,1.29072,6.66759,0.952091,1.04434,65.9118,64.5246,2.2673,11.5744,10.8379,1.66874,5.93428,0.192809,3.30902,325.552,318.862,0.380258,0.763848,1.79523,0.947174,5.19837,0.465114,0.276319,0.0522944,0.0157676,1.68026,
175,12.2335,223.353,705.252,0.0547721,6.86285,8.88701,1.66366,8.39181,2.25124,2.04996,95.5836,94.7363,2.92613,19.2069,27.2505,2.39615,10.4069,9.6089,8.73097,329.195,330.085,2.4191,0.763516,1.79523,0.94617,5.19837,0.164156,0.276319,0.0522944,0.0157346,2.21618,
176,12.2335,183.154,656.286,0.0667934,7.82009,4.56685,1.56179,9.02872,0.927523,2.39428,77.558,76.5595,2.73735,21.316,12.7063,1.94742,13.8198,1.34342,8.16266,312.368,308.321,2.09527,0.763516,1.79523,0.94617,5.1984,0.0643553,0.276319,0.0523798,0.0157346,0.901425,
177,12.233,74.8742,374.738,0.163381,4.16106,5.18093,1.33131,7.79769,0.934329,0.889703,26.2017,25.9564,2.4211,15.2864,18.7458,1.81254,11.5789,0.19383,3.35146,183.983,182.361,1.37443,0.762941,1.79523,0.94617,5.1984,0.0590029,0.276319,0.0523798,0.0157346,2.21618,
178,12.2318,159.715,665.719,0.0765853,3.82353,4.26568,1.45859,6.25134,0.947187,1.2052,70.2814,69.0078,2.47458,12.3453,9.93271,2.05163,5.01047,0.19748,3.95494,317.851,317.535,1.15415,0.761829,1.79579,0.950803,5.19833,0.382913,0.279321,0.0525884,0.0156092,2.21603,
179,12.2318,165.939,632.493,0.0737129,4.85049,8.87306,1.39474,7.71352,0.916052,1.27694,69.8632,68.8959,2.15517,16.1948,28.9773,1.84156,10.2567,0.132058,4.76483,290.888,286.149,0.407468,0.761829,1.79595,0.950803,5.19818,0.278656,0.279655,0.0523897,0.0156092,0.788735,
180,12.2318,20.6705,41.3349,0.591753,3.66364,3.30989,1.2787,7.16431,0.981871,0.860635,0.510404,0.470286,2.4308,14.3956,9.55319,1.70638,11.2689,0.355426,3.44921,2.77078,36.5508,1.20708,0.761829,1.79595,0.950803,5.19818,0.336722,0.277716,0.0520547,0.0155684,2.21589,
181,12.2318,88.9712,380.573,0.137481,2.82176,6.29481,1.11886,6.51774,0.92188,1.16364,33.9756,33.8389,2.31801,10.8768,23.6738,0.784151,6.87335,0.132949,4.30965,167.297,166.136,0.924715,0.761829,1.79613,0.952965,5.19818,0.26921,0.277551,0.0520197,0.0155684,0.895266,
182,12.231,75.5548,326.107,0.161883,6.56663,10.7581,1.34252,8.59557,0.940364,2.0325,21.49,21.321,2.508,19.4833,33.2375,1.51078,12.7131,0.152575,7.06199,137.014,136.364,1.11483,0.761554,1.7956,0.95293,5.19822,0.334111,0.277093,0.0520197,0.0155894,2.21601,
183,12.231,201.638,730.39,0.0606583,5.6981,9.1526,1.42278,8.48416,0.89865,2.00886,86.4803,85.1571,2.33576,16.9196,29.072,1.87295,12.411,0.166488,7.56191,353.429,346.31,0.850524,0.761342,1.79554,0.956302,5.19821,0.263062,0.276639,0.0517312,0.0155894,1.88036,
184,12.231,156.989,601.574,0.0779103,8.55678,9.15197,1.65128,11.2454,0.912857,4.2754,59.8459,58.8775,2.4716,20.7004,29.2914,2.07022,17.9962,0.24987,11.2306,288.511,286.093,1.5664,0.761342,1.79529,0.955813,5.19821,0.181199,0.276046,0.0515949,0.0155381,0.663274,
185,12.231,122.934,503.796,0.099493,7.62253,10.0509,1.65955,8.03068,1.00038,2.44379,45.2111,44.4104,2.50415,20.791,33.2526,2.34688,11.109,0.402028,9.06869,243.01,236.247,1.12086,0.761342,1.79529,0.955813,5.19821,0.38555,0.275827,0.0515949,0.0155189,1.15153,
186,12.2305,96.3805,482.485,0.126898,4.58484,6.0602,1.26787,8.63622,0.913794,1.03264,36.1395,35.4381,2.30735,15.3558,20.5633,1.6026,14.6624,0.154928,3.45304,231.295,225.487,0.462558,0.761296,1.7951,0.955813,5.19822,0.336003,0.274973,0.0515949,0.0155005,2.21577,
187,12.2304,63.149,315.624,0.193675,3.86199,6.45657,1.05285,6.41795,1.15004,0.704105,20.6262,20.4957,2.38361,15.2228,22.9102,0.519995,6.9906,1.54646,2.11212,139.258,139.629,1.20843,0.761195,1.79491,0.954005,5.19822,0.272525,0.270149,0.051152,0.0155005,1.97852,
188,12.2299,174.181,651.879,0.0702141,3.43741,5.17318,1.30235,7.31406,0.912012,2.14416,76.3008,75.3445,2.25212,13.0488,16.0645,1.5138,8.63847,0.27638,8.34338,306.874,304.834,0.53454,0.76107,1.79491,0.955813,5.19824,0.238679,0.270149,0.051152,0.0155005,0.587922,
189,12.2298,228.28,752.326,0.0535735,6.5368,5.36093,1.4264,8.88826,0.962826,1.73677,101.076,99.5663,2.72648,18.5579,13.8422,1.67093,12.4436,0.438958,4.69617,361.504,355.24,1.78509,0.760872,1.79529,0.952535,5.19834,0.258679,0.275192,0.0519169,0.0155843,2.21589,
190,12.2294,124.233,559.859,0.0984392,3.34325,5.47082,1.22299,6.53147,0.926544,1.6816,51.8157,50.9556,2.28471,13.146,23.622,1.39602,7.06105,0.104712,7.57829,262.889,261.623,0.640791,0.760872,1.79542,0.955917,5.19834,0.333819,0.275192,0.0518825,0.0155843,2.21589,
191,12.2294,72.2743,306.094,0.169208,5.18009,5.80257,1.30381,7.45546,4.55639,2.68153,21.4633,21.3673,2.46389,17.0917,19.1514,1.19691,8.74274,25.1431,8.83649,142.909,143.709,1.22696,0.761056,1.79579,0.955917,5.19826,0.24379,0.275782,0.0518513,0.0154398,1.91843,
192,12.2294,188.303,615.446,0.0649453,8.63524,10.7715,1.58205,9.12223,0.941188,4.36865,75.5601,74.774,2.54767,21.9493,31.4534,1.87869,12.7526,3.47861,12.9689,279.405,284.949,1.33162,0.761056,1.79579,0.955917,5.19826,0.299123,0.275782,0.0517795,0.0154398,1.95268,
193,12.2292,126.307,569.504,0.0968213,3.14819,3.565,1.21441,5.76734,0.916548,0.581779,54.6777,53.8689,2.56727,12.9195,12.0854,1.47025,4.20939,0.151084,2.85311,273.572,271.733,1.74834,0.761056,1.79611,0.956809,5.19823,0.0168627,0.276171,0.0517795,0.0154398,2.21576,
194,12.2289,64.763,314.318,0.188826,3.67333,4.75178,1.17555,6.59202,1.98123,1.8507,21.17,21.0956,2.47276,14.2606,17.6159,1.16321,7.93197,7.42643,9.20833,147.984,146.017,1.28077,0.761012,1.79611,0.956731,5.19823,0.243825,0.276171,0.0517245,0.0153945,2.21563,
195,12.2289,168.889,611.832,0.0724081,7.21335,9.2028,1.47558,9.57802,0.943349,2.15164,68.2544,67.4657,2.60375,19.6057,28.6768,1.80905,14.722,1.10116,6.06614,287.836,283.941,1.60343,0.760974,1.79642,0.955147,5.19823,0.266456,0.277279,0.0517245,0.0153945,0.687967,
196,12.2289,132.98,565.397,0.0919604,3.89332,6.69804,1.2765,6.95175,0.9971,2.9592,54.216,53.4875,2.50034,14.3034,28.5191,1.36204,8.85707,0.550069,11.6244,266.169,263.117,1.41364,0.760839,1.79642,0.95271,5.19821,0.244094,0.276825,0.0515365,0.0153945,2.21563,
197,12.2287,84.0862,473.453,0.145431,3.47104,3.6263,1.40939,6.02556,0.995405,0.510278,33.2084,32.5044,2.33544,13.4086,9.64672,2.19634,4.13131,0.419847,2.70897,230.177,225.831,0.649635,0.760839,1.79664,0.95457,5.19821,0.469728,0.276825,0.0515365,0.0153945,2.21563,
198,12.2285,107.951,452.401,0.113278,3.73588,3.1272,1.18531,6.83284,0.96454,1.19357,44.3162,44.0515,2.54441,14.2258,6.12919,0.930209,8.03911,0.371325,3.71971,215.996,215.877,1.5191,0.760839,1.79631,0.95598,5.19814,0.166649,0.274233,0.0515365,0.015393,2.21562,
199,12.2284,20.6843,59.1881,0.591189,1.98519,5.08782,1.15036,6.58842,0.93446,0.53161,1.03383,0.997868,2.37479,8.61157,23.1201,1.31567,9.736,0.0855406,1.80635,43.3755,43.5993,1.12478,0.760839,1.79631,0.95598,5.19814,0.373727,0.274233,0.0513804,0.015393,2.21562,
200,12.2284,199.133,669.33,0.0614081,5.21009,10.4622,1.42654,7.7332,0.907023,3.59434,84.2664,83.1723,2.36076,15.4869,43.9667,1.75452,9.18493,0.139407,13.1534,312.093,311.851,0.706591,0.760842,1.79631,0.953142,5.19814,0.276779,0.274233,0.0512551,0.015393,1.74467,
