Generation,Best fitness,Average fitness,Fitness standard deviation,Selection pressure,Heave.rear.tie_rod_angle_top_view_l.avg,Heave.rear.toe_angle_l.avg,Heave.rear.motion_ratio_heave_l.avg,Heave.rear.side_view_swing_arm_angle_l.avg,Roll.rear.camber_angle_gain_roll_l.avg,Roll.rear.side_view_swing_arm_angle_l.avg,Heave.rear.tie_rod_angle_top_view_l.std_dev,Heave.rear.toe_angle_l.std_dev,Heave.rear.motion_ratio_heave_l.std_dev,Heave.rear.side_view_swing_arm_angle_l.std_dev,Roll.rear.camber_angle_gain_roll_l.std_dev,Roll.rear.side_view_swing_arm_angle_l.std_dev,Heave.rear.tie_rod_angle_top_view_l.best,Heave.rear.toe_angle_l.best,Heave.rear.motion_ratio_heave_l.best,Heave.rear.side_view_swing_arm_angle_l.best,Roll.rear.camber_angle_gain_roll_l.best,Roll.rear.side_view_swing_arm_angle_l.best,
0,160.117,1042.28,573.594,0.153623,7.32447,139.307,147.693,350.942,53.3531,343.655,2.22844,172.901,167.043,318.758,60.6253,337.257,3.0471,6.13828,28.2601,12.7963,3.82824,12.7372,
1,160.117,685.499,325.822,0.233577,6.19872,78.7083,138.074,197.326,70.7191,194.472,1.84179,94.6122,82.2746,205.525,30.1373,206.198,2.64844,6.13828,11.8781,12.7963,3.82824,12.7372,
2,160.117,595.403,433.766,0.268922,5.57279,44.5687,131.876,168.326,76.7477,168.312,1.79468,33.0157,75.8242,207.464,27.9527,203.764,2.64844,3.18312,31.1783,2.92726,3.82824,2.68458,
3,160.117,562.275,545.67,0.284766,5.27595,46.9631,121.961,151.09,86.4418,150.544,1.60846,78.7202,59.5944,248.403,23.5781,244.928,2.64844,0.966485,31.1783,0.923763,3.82824,0.301729,
4,153.372,472.848,409.503,0.324358,5.18794,40.1893,128.929,105.781,87.2962,105.465,1.69482,61.1168,84.5566,184.636,20.8245,190.952,2.59792,1.25431,26.8964,0.923763,3.82824,0.301729,
5,153.372,384.713,189.423,0.398665,5.04173,26.0369,102.932,79.2359,92.4212,79.0454,1.31604,33.8756,56.3963,97.3285,19.07,94.6558,2.43785,1.70497,12.916,0.923763,3.82824,0.301729,
6,153.372,507.739,481.555,0.302068,4.73624,36.9542,105.604,135.129,90.6026,134.713,1.24968,63.1825,79.0286,220.844,23.8608,232.147,2.44178,1.25411,9.98119,0.923763,3.82824,0.301729,
7,153.372,442.809,407.922,0.346362,4.98443,35.3335,108.725,102.515,92.6229,98.6275,1.86085,64.818,71.9032,177.55,26.3774,168.521,1.93979,0.386599,12.916,0.923763,3.82824,0.301729,
8,153.372,502.149,550.191,0.305431,5.09393,36.8956,101.958,132.725,93.4935,131.983,1.52457,65.3857,60.8382,247.17,25.5875,246.985,2.74027,0.386599,6.06968,0.923763,3.82824,0.301729,
9,153.372,404.361,312.255,0.379295,5.64108,31.7922,77.2776,96.7322,96.5331,96.3849,1.77452,66.402,49.6329,144.84,20.6323,140.924,2.83611,0.386599,4.05753,0.980227,3.82824,0.529395,
10,153.372,516.765,561.6,0.296792,5.48622,38.1502,95.409,142.718,92.494,142.507,2.29024,65.1971,80.1446,234.156,24.4198,247.516,2.12622,0.386599,4.05753,0.980227,3.82824,0.529395,
11,153.372,381.376,519.562,0.402155,5.48566,25.4853,94.5429,78.3013,99.5636,77.9969,1.78206,61.6618,88.8532,238.86,23.3233,232.599,2.66488,0.386599,4.05753,0.980227,3.82824,0.529395,
12,153.372,457.525,574.993,0.335221,5.23602,29.5864,80.3948,124.287,96.1265,121.895,1.88264,60.808,80.8726,268.147,25.8555,257.509,2.73324,0.529593,4.05753,0.980227,3.82824,0.529395,
13,153.372,509.137,659.992,0.301239,5.31458,44.0093,90.2642,135.422,101.123,133.004,1.53609,92.8379,103.302,259.904,20.7074,252.579,2.80987,0.463696,4.05753,0.980227,3.82824,0.529395,
14,153.372,645.161,989.979,0.237727,6.13433,45.3174,77.5585,211.372,96.3535,208.425,1.81357,94.1767,97.7522,419.194,26.3906,428.793,2.80987,0.463696,4.05753,1.46828,3.82824,0.557391,
15,146.359,568.427,829.364,0.25748,5.94502,43.9122,74.1219,174.806,95.8271,173.815,1.85561,97.2019,80.4455,362.358,28.884,354.888,2.80987,0.463696,4.05753,1.46828,3.82824,0.557391,
16,146.359,413.625,708.649,0.353843,5.63642,29.0644,70.4481,104.693,100.284,103.499,1.60977,79.704,98.0874,329.145,26.8576,325.419,2.80987,0.608281,4.05753,1.46828,3.82824,0.557391,
17,146.359,485.541,771.298,0.301434,5.94734,30.3242,90.766,130.43,100.938,127.136,1.924,84.182,122.978,323.619,26.9021,322.978,3.56068,0.379702,4.05753,1.46828,3.82824,0.557391,
18,146.359,382.768,641.353,0.382369,5.70653,29.6699,47.1317,101.297,101.988,96.9749,1.77769,78.1414,46.0875,294.514,25.6545,293.732,3.07445,0.379702,1.74824,1.46828,3.82824,0.557391,
19,146.359,430.47,718.981,0.339997,5.61143,20.3105,70.4884,115.185,104.197,114.678,1.42866,72.3894,101.722,300.986,20.9116,300.463,3.58609,0.379702,1.74824,1.46828,3.82824,0.557391,
20,146.359,426.731,556.149,0.342976,5.44501,36.5217,72.6096,106.383,101.842,103.93,1.33842,93.8554,103.42,235.055,27.0817,233.136,2.18753,0.509747,1.74824,1.46828,3.82824,0.557391,
21,128.108,408.89,697.884,0.313307,5.31172,30.002,40.4224,114.68,102.897,115.576,1.24329,72.1284,42.3012,317.626,27.5699,318.343,2.39039,0.532563,1.74824,1.29367,3.82824,0.470511,
22,128.108,374.244,697.854,0.342312,5.1468,18.5973,52.4732,95.5991,107.253,95.1743,1.28278,67.309,84.2993,302.485,18.6924,301.516,2.21428,0.374167,1.74824,1.29367,3.82824,0.470511,
23,128.108,465.143,706.78,0.275417,5.6552,38.8057,36.0968,143.404,100.286,140.895,1.43857,95.7594,38.8188,320.535,30.4549,312.922,3.60782,0.627837,3.59324,1.29367,3.82824,0.470511,
24,128.108,509.283,699.625,0.251546,5.47291,46.5536,80.0512,144.432,96.4775,136.295,1.56218,95.6869,122.96,293.723,32.6543,293.538,2.91018,0.627837,3.59324,1.29367,3.82824,0.470511,
25,128.108,592.826,945.887,0.216097,5.37542,41.5516,77.6931,185.862,99.6369,182.707,1.38132,91.4292,123.606,401.234,29.6966,398.72,3.36179,0.627837,3.59324,1.29367,3.82824,0.470511,
26,128.108,445.872,668.796,0.287321,5.1973,24.748,38.3867,137.564,103.12,136.856,1.18834,77.5367,47.9553,301.95,24.8758,299.764,3.30514,0.627837,1.19612,1.29367,3.82824,0.470511,
27,128.108,497.753,897.022,0.257373,5.5015,40.0443,47.1369,153.303,100.591,151.176,1.52082,112.328,84.3385,379.087,29.7564,377.936,3.03952,0.425303,3.59324,1.29367,3.82824,0.470511,
28,128.108,612.664,990.948,0.2091,5.46237,46.8799,67.4082,198.838,97.7403,196.335,1.53254,108.983,102.178,426.02,31.6807,426.261,2.27466,0.425303,3.89524,1.29367,3.82824,0.470511,
29,128.108,395.318,775.523,0.324064,5.42049,19.9809,48.2238,108.65,104.694,108.349,1.16747,67.2795,103.4,348.485,24.8649,334.444,3.5033,0.425303,2.69294,1.29367,3.82824,0.470511,
30,128.108,411.399,704.493,0.311397,5.86182,36.6769,40.1563,114.033,101.882,112.789,1.76893,94.4982,81.0229,290.457,28.4516,287.817,3.60782,0.425303,2.69294,1.29367,4.4659,0.504575,
31,128.108,490.524,878.662,0.261166,5.3821,44.8911,32.677,155.497,103.184,148.892,1.81654,109.474,56.3305,390.429,24.6644,376.632,2.32718,0.549296,2.58052,1.29367,18.4616,0.504575,
32,128.108,400.782,714.486,0.319646,5.22843,23.9897,41.9732,111.764,106.612,111.215,1.22233,75.8614,83.8763,314.109,20.4009,308.407,2.42776,0.841569,1.26136,1.29367,18.5313,0.504575,
33,126.928,419.797,546.707,0.302357,5.6524,42.6649,54.131,109.836,101.278,106.234,1.74948,108.89,116.414,237.634,26.749,235.203,3.65842,0.889728,1.71017,1.29367,17.9315,0.504575,
34,126.928,536.734,927.619,0.236483,5.55274,48.3995,67.1264,154.799,107.175,153.681,1.56267,116.288,221.791,380.219,22.001,386.556,2.78517,0.889728,1.71017,1.29367,11.9363,0.504575,
35,126.928,286.114,478.128,0.443629,5.22377,13.3162,22.8391,68.7364,107.517,68.4816,1.00027,51.8081,60.502,224.405,19.2248,236.45,2.58368,0.407412,1.08687,1.29367,19.2426,0.504575,
36,126.928,592.849,1029.8,0.214099,5.50106,44.4338,54.3412,193.919,102.606,192.048,1.88015,104.636,110.763,453.224,25.5835,423.865,2.02,0.889728,1.08687,1.29367,10.7695,0.504575,
37,126.928,471.92,840.514,0.268962,5.44998,33.686,40.2953,143.206,107.552,141.73,0.902919,90.5755,97.5561,359.148,18.1115,354.894,3.71228,0.889728,1.08687,1.29367,26.5155,0.504575,
38,126.928,445.147,839.427,0.285138,5.56388,49.9706,51.8274,118.701,102.294,116.79,1.31584,118.156,121.996,353.547,29.3697,348.185,4.19011,1.50767,1.08687,1.29367,17.9074,0.426762,
39,126.928,616.154,1051.78,0.206001,5.2981,53.3752,36.4678,209.396,104.45,207.167,1.31729,105.054,71.8601,465.79,21.0936,452.126,2.10258,2.50095,1.71017,1.29367,24.0853,0.426762,
40,126.928,373.045,615.251,0.340249,5.36613,25.9516,32.1703,103.191,104.257,102.11,1.5022,81.4804,87.409,283.935,24.6218,295.418,2.72318,2.4044,1.71017,1.29367,18.5811,0.426762,
41,126.928,712.272,1044.34,0.178202,5.3766,67.7082,72.2847,235.087,104.023,227.792,1.71997,120.713,158.712,419.574,21.593,437.205,1.97112,2.50095,1.71017,1.29367,28.7993,0.426762,
42,126.928,405.677,805.968,0.31288,5.25997,38.57,38.444,107.721,108.963,106.719,1.29519,111.681,108.865,375.632,18.6081,361.44,3.20126,2.44396,1.60689,1.29367,24.0898,0.426762,
43,125.662,447.803,780.443,0.280618,5.01051,53.9056,47.2873,123.462,101.506,116.632,1.15221,108.775,112.378,322.181,31.6328,323.175,1.99474,0.699011,1.70929,1.29367,8.73578,0.426762,
44,125.662,416.104,720.672,0.301996,5.08657,45.099,43.5337,113.102,104.699,104.583,1.64349,107.402,115.192,307.501,26.0395,294.122,2.06725,1.95567,1.58441,1.29367,15.1455,0.426762,
45,125.662,550.56,898.852,0.228243,4.81187,24.347,70.4376,174.498,103.358,173.108,1.50904,72.1506,151.767,384.514,25.4324,367.712,2.60897,0.411661,1.60069,1.29367,20.0284,0.426762,
46,125.662,394.812,653.984,0.318282,4.90983,29.1602,50.0773,101.762,104.433,104.469,1.39472,79.2099,126.29,290.753,26.3455,312.94,3.48025,0.49506,1.70929,1.29367,18.4408,0.426762,
47,125.662,405.803,755.62,0.309661,4.54114,34.1125,46.0568,108.1,106.163,106.83,1.21065,92.6357,109.625,295.829,22.2828,294.588,2.25003,2.50095,1.70929,1.29367,18.9156,0.424464,
48,125.662,635.354,1073.83,0.197782,4.74179,49.6731,37.1794,223.345,100.71,219.704,1.49992,112.607,72.6022,450.766,29.4701,470.205,3.18245,2.27628,1.71017,1.29367,21.896,0.424464,
49,125.662,572.697,902.637,0.21942,4.9649,74.2236,46.6107,167.177,105.753,173.969,1.80629,162.992,106.49,372.667,23.5723,370.17,2.79497,2.50095,1.63169,1.29367,17.2501,0.416698,
50,125.662,437.396,834.371,0.287295,4.94635,41.9264,37.6733,125.011,109.081,118.758,1.76979,125.815,101.233,338.617,17.302,327.764,2.91797,2.07121,1.6194,1.38873,18.6916,0.416698,
51,125.662,321.507,644.664,0.390852,4.613,21.1069,35.0277,75.9587,110.921,73.8793,1.17449,78.2667,105.225,263.566,14.1941,255.926,2.3188,2.34232,1.52526,1.38873,22.0583,0.416698,
52,125.662,415.578,906.912,0.302378,4.55234,31.0192,21.419,126.566,109.763,122.259,1.37651,95.3158,58.1135,396.163,14.3049,375.732,2.22783,2.34739,1.52526,1.41444,37.3565,0.425392,
53,124.966,408.506,747.17,0.30591,4.61244,32.3896,31.7819,118.17,104.817,116.735,1.18449,75.6386,84.7349,315.666,24.8858,314.345,2.04211,3.48824,1.24194,1.41444,21.1734,0.425392,
54,124.966,673.904,1058.3,0.185436,4.97349,60.6071,72.1722,219.139,101.716,215.297,1.69181,138.207,141.888,421.595,27.3188,434.089,2.41841,2.16513,1.24194,1.02863,11.1114,0.321595,
55,124.966,550.705,1001.04,0.22692,4.67906,42.6552,38.5316,183.338,100.778,180.723,1.47641,101.455,88.7125,443.642,29.7065,445.309,2.86105,2.3466,1.24194,1.43331,7.80446,0.431451,
56,124.966,332.955,608.934,0.375323,4.56755,20.6124,16.2379,93.5896,106.211,91.737,1.41977,71.0046,48.696,300.419,22.2704,297.581,2.41872,2.14603,1.24194,1.37047,18.9105,0.406772,
57,124.966,699.939,1112.94,0.178538,4.65261,52.8817,48.6627,248.871,100.081,244.79,1.17088,110.793,101.521,446.666,29.5235,444.54,3.3284,3.30719,1.24194,1.37047,18.7789,0.406772,
58,124.966,587.441,1036.21,0.212729,4.75962,56.3392,20.5225,208.82,102.46,194.539,1.88972,152.527,56.5009,469.082,28.1019,447.792,2.274,3.46391,1.24194,1.37047,20.4111,0.406772,
59,124.966,606.17,998.304,0.206156,4.82926,51.6247,42.9948,203.459,101.487,201.776,1.86529,112.103,117.424,436.198,28.3616,433.818,2.36339,3.46391,1.21713,1.37047,17.9647,0.406772,
60,124.966,340.186,614.428,0.367346,4.39306,31.3038,52.696,75.5254,106.841,69.4265,1.63639,105.822,129.336,286.718,22.7033,261.37,2.24513,1.68635,1.21713,1.37047,16.3229,0.406772,
61,124.868,550.624,1028.21,0.226775,4.35973,51.6396,52.0882,171.937,103.803,166.796,1.15445,118.387,119.604,414.822,25.6892,429.549,2.80559,3.46391,1.21713,1.37047,18.366,0.406772,
62,124.868,600.834,1006.53,0.207824,4.5572,30.6794,56.1544,202.785,104.857,201.801,1.32855,78.4233,124.143,424.3,20.2879,423.391,2.27929,1.8443,1.21713,1.37047,19.0726,0.406772,
63,124.868,474.816,847.567,0.262982,4.73559,35.2273,45.9802,144.271,103.285,141.317,1.65486,89.2606,111.952,371.555,24.8459,366.06,3.36345,1.95267,1.21713,1.37047,23.8187,0.406772,
64,124.868,622.605,1015.25,0.200557,5.02163,60.9513,77.3117,189.62,107.194,182.506,2.19237,144.033,157.668,423.602,20.8436,414.524,2.78078,1.98494,1.21713,1.3559,15.6106,0.406772,
65,124.854,347.913,535.214,0.358866,4.65616,38.6491,45.2792,80.7316,103.299,75.2982,1.80818,98.7254,122.222,246.25,29.1283,227.479,2.65404,1.80356,1.21713,1.37047,3.41712,0.406772,
66,124.638,493.275,882.996,0.252674,4.41344,33.4649,48.5983,153.152,104.849,148.798,1.64812,97.2388,119.49,389.41,21.9568,379.273,1.9961,1.86106,1.14236,1.37047,19.1957,0.406772,
67,124.638,486.155,693.523,0.256375,4.80383,52.6507,74.2881,129.268,101.664,123.481,1.93938,117.913,151.128,260.602,27.7274,254.717,2.6763,2.16265,1.14236,1.37047,11.2094,0.406772,
68,124.638,458.32,735.525,0.271946,5.03044,52.9022,55.4293,125.495,103.117,116.346,2.20702,143.312,123.469,297.692,28.3175,284.85,2.23693,3.07698,1.14236,1.38997,9.09717,0.420236,
69,124.638,628.541,1055.91,0.198297,4.9563,64.4482,51.5486,205.936,103.009,198.644,1.99023,137.251,121.867,442.918,26.5688,429.941,2.30983,2.49543,1.14236,1.38997,12.4562,0.420236,
70,124.527,576.537,907.599,0.215991,4.49512,39.3463,50.5376,190.837,103.893,187.428,1.49716,109.069,126.07,384.898,23.3969,375.712,2.01809,1.33708,1.14236,1.38997,21.8564,0.420236,
71,124.527,360.313,647.018,0.345606,4.32957,33.4818,26.6992,95.7095,108.588,91.5055,0.87487,107.058,88.1492,294.043,19.7294,272.815,2.84431,3.60534,1.14236,1.38997,21.7818,0.420236,
72,124.418,468.976,766.973,0.265296,4.53385,44.0562,66.2579,129.94,102.115,122.073,1.30863,113.321,156.144,313.286,27.0362,304.724,2.66655,3.60707,1.14236,1.38997,17.4044,0.422757,
73,124.35,421.644,724.842,0.294918,4.48714,19.1394,55.4663,117.778,108.265,116.508,1.50711,68.0282,134.91,303.446,16.7457,299.934,2.65921,2.47822,1.12792,1.41277,48.8899,0.422861,
74,124.35,463.206,785.937,0.268456,4.76564,47.616,67.7624,120.214,105.253,117.595,1.98229,112.097,137.177,310.268,25.1489,309.534,2.43938,2.21798,1.14236,1.41277,13.3078,0.422861,
75,124.35,559.704,917.522,0.222171,4.79218,36.8471,40.7639,187.471,103.33,186.501,1.89801,99.6099,85.26,409.742,23.2064,399.617,2.40628,2.34675,1.13552,1.40059,15.5062,0.422861,
76,124.121,376.124,774.93,0.330001,4.25552,38.4122,21.1793,105.094,107.952,99.2307,1.38879,105.141,63.4811,356.278,21.1555,337.281,2.61398,3.51937,1.13552,1.40059,18.8346,0.419589,
77,124.121,580.113,1037.21,0.21396,4.93503,61.6364,23.4818,197.435,101.952,190.673,2.20098,134.67,74.2109,464.615,27.1386,437.5,3.36839,2.69649,1.13552,1.40059,18.028,0.419589,
78,124.121,439.669,743.129,0.282306,4.41577,48.2191,20.6905,133.648,103.395,129.3,1.56622,112.217,43.4893,338.744,26.9867,330.909,3.09758,2.07198,1.10264,1.40059,17.885,0.419589,
79,124.121,338.838,517.729,0.366314,4.42359,34.7839,28.6043,84.6888,104.086,82.252,1.62171,86.2979,88.315,219.577,25.7277,209.329,2.69118,3.51937,1.13385,1.40059,18.4629,0.419589,
80,124.121,782.52,1185.49,0.158617,4.51919,75.3337,48.5753,277.011,96.7691,280.311,1.70115,155.803,107.611,511.742,31.0981,486.576,2.10191,2.17655,1.13385,1.40059,19.7519,0.417534,
81,124.07,337.508,675.964,0.367606,4.21787,30.4437,49.0441,77.5007,105.33,70.9712,1.56691,102.278,115.668,308.26,24.5733,325.442,2.20773,1.39539,1.13385,1.40059,18.8273,0.417534,
82,124.07,442.824,804.708,0.280179,4.27469,28.4945,31.6895,138.384,104.088,135.893,1.42444,80.7544,75.6343,341.553,26.1752,334.569,2.1412,1.38858,1.09225,1.40059,14.1749,0.417534,
83,124.058,286.575,423.984,0.432897,4.40414,31.3541,36.0965,55.3946,106.037,53.2893,1.7878,85.7326,105.519,180.258,21.7683,176.151,2.5265,3.35153,1.09225,1.38653,18.2513,0.416985,
84,124.04,400.741,789.513,0.309526,4.40577,24.8403,25.4912,120.547,108.709,116.748,1.70117,91.2675,80.9982,337.195,15.3952,318.717,2.49566,1.14443,1.09225,1.05708,34.0266,0.416985,
85,124.04,417.634,785.004,0.297006,4.20475,45.8606,33.9669,118.7,100.163,114.739,1.25642,102.489,72.1448,343.871,33.0037,343.4,3.16499,2.65173,1.09225,1.38653,18.073,0.412797,
86,123.935,587.93,995.765,0.2108,4.15235,53.419,44.0528,194.576,102.908,188.821,1.21541,120.643,104.114,420.505,27.3083,427.206,2.97711,2.19981,1.05126,1.39033,15.5599,0.417534,
87,123.935,579.435,948.712,0.21389,4.56856,52.797,58.2449,181.357,103.094,179.373,1.95555,109.712,134.365,402.193,26.5551,398.154,2.33906,1.29478,1.0699,1.39033,11.5955,0.417534,
88,123.935,366.404,662.912,0.338248,4.88574,74.9035,38.8982,74.5702,105.641,67.5054,4.14138,332.594,108.865,267.459,26.88,265.796,2.83036,2.56793,1.0699,1.39033,7.42482,0.41663,
89,123.935,675.511,956.78,0.183469,4.36086,41.5212,64.8186,234.587,97.9407,232.283,1.59299,104.25,119.5,394.031,30.8476,391.912,2.59086,1.48403,1.0699,1.39033,17.5774,0.416711,
90,123.935,457.992,839.627,0.270606,4.52461,46.8932,35.8036,135.205,103.284,132.281,2.08195,120.26,99.0383,361.809,27.669,361.888,2.92797,2.11848,1.0699,1.39033,17.1977,0.416711,
91,123.935,350.007,593.94,0.354093,3.98279,16.8933,52.3161,84.3371,109.022,83.4561,1.26348,63.912,130.181,234.64,16.9764,237.302,2.11895,1.62115,1.0699,1.3862,25.6799,0.416711,
92,123.935,434.739,864.99,0.28508,4.36372,43.977,33.5367,129.265,108.323,115.273,1.81469,108.65,101.574,355.849,18.1883,354.078,1.9804,1.59089,1.0699,1.3862,24.948,0.416584,
93,123.935,362.025,702.24,0.342339,4.12581,31.6616,45.2846,86.8797,109.012,85.0613,1.51698,92.4434,125.821,297.759,16.0231,288.81,2.64677,1.64306,1.0699,1.3862,48.7148,0.416584,
94,123.915,351.381,532.454,0.352651,4.44527,37.8125,42.7105,84.2085,100.474,81.7301,1.74931,103.574,110.619,225.032,28.0091,224.072,2.2437,2.16461,1.04396,1.3862,17.3999,0.416711,
95,123.821,307.522,519.562,0.40264,3.99275,14.2819,41.5492,73.4489,107.056,67.1938,1.24541,48.9396,111.813,219.575,22.5241,216.556,2.2793,2.28531,1.04396,1.3862,18.5488,0.414373,
96,123.821,333.012,678.62,0.371821,4.05853,20.4711,18.6679,91.045,110.254,88.5149,1.56655,74.3145,84.692,303.506,15.257,297.658,2.41008,2.37298,1.04396,1.3862,23.0263,0.416711,
97,123.821,407.003,813.698,0.304225,4.39641,41.3167,44.3959,106.598,107.075,103.221,2.21395,114.929,111.49,345.416,23.5851,337.172,3.02608,1.02376,1.04396,1.3862,5.85587,0.417449,
98,123.806,499.142,957.973,0.248038,4.35303,61.4204,44.8584,142.778,109.198,136.534,1.84807,159.037,128.066,378.262,18.9765,371.306,2.72752,3.37414,1.04396,1.3862,19.1124,0.417449,
99,123.806,489.388,895.997,0.252982,4.12824,40.6492,46.4174,145.885,108.219,144.089,1.3057,106.959,114.763,372.358,15.6414,371.453,3.18576,1.52774,1.04396,1.3862,48.7218,0.419871,
100,123.805,477.694,968.372,0.259171,4.34387,30.6749,28.4061,154.366,106.917,152.987,1.78813,84.3989,74.9571,423.467,19.824,422.341,3.63384,3.47809,1.05262,1.39765,23.3063,0.419871,
101,123.805,525.18,868.784,0.235737,4.45586,40.7237,53.6576,163.493,101.694,161.156,1.59143,96.7737,116.849,370.934,27.9604,371.606,3.63384,2.89798,1.04435,1.39765,18.519,0.419871,
102,123.793,431.892,888.621,0.28663,3.89743,29.664,33.3907,129.661,106.77,128.509,1.37384,88.9415,93.7977,379.204,21.3018,380.596,2.1253,3.00618,1.04435,1.40091,20.9931,0.418178,
103,123.75,383.193,760.875,0.322945,4.16501,26.5981,37.7462,106.359,107.558,100.767,1.91586,92.3797,100.586,318.252,20.299,313.505,2.52599,1.42653,1.04435,1.40091,18.373,0.418178,
104,123.75,511.615,862.182,0.241882,4.08422,40.0777,20.169,173.187,105.01,169.087,1.54478,92.578,47.604,376.342,23.0462,384.562,2.62267,2.97247,1.04435,1.40091,22.0377,0.418178,
105,123.75,616.111,1000.85,0.200857,4.25148,54.3443,54.9793,204.795,98.9097,198.831,1.61553,122.716,114.797,416.345,32.5537,416.818,2.77244,1.77626,1.04007,1.40091,9.83637,0.418178,
106,123.725,550.425,1066.04,0.224782,4.76506,50.4036,66.4374,165.472,105.028,158.318,2.51172,125.147,145.077,468.188,25.099,440.091,2.43454,1.13198,1.04007,1.40091,18.7645,0.418178,
107,123.725,412.051,761.218,0.300268,4.20369,31.4284,29.3214,121.947,104.778,120.372,1.55874,90.2078,92.6952,342.26,25.404,345.404,3.31037,2.0594,1.04007,1.40091,18.8294,0.418178,
108,123.725,336.526,710.96,0.367655,3.89983,27.4433,29.8754,84.7989,108.736,81.7725,1.02134,86.7319,81.3583,302.79,20.034,297.987,3.09447,2.42551,1.04007,1.40725,21.5342,0.420354,
109,123.725,487.424,913.759,0.253835,4.09531,38.2733,39.8866,152.152,104.795,148.222,1.52892,101.868,108.623,375.789,25.2755,384.713,2.26382,1.35146,1.04007,1.40725,21.1586,0.421783,
110,123.711,594.797,938.74,0.207988,4.27746,41.3687,74.7083,186.007,105.794,182.641,1.83144,114.681,149.836,377.273,22.0998,371.901,2.42779,2.00427,1.04565,1.40413,16.2129,0.423293,
111,123.711,464.009,785.669,0.266613,4.13515,44.1926,43.5832,137.767,98.9559,135.375,1.88636,95.3186,111.418,345.232,31.6149,342.227,2.37614,2.78408,1.0377,1.40413,17.076,0.422286,
112,123.711,403.889,737.22,0.306299,3.95118,25.0898,40.9231,118,106.081,109.845,1.63698,80.3743,107.907,324.685,22.0755,304.075,2.2099,3.47285,1.0377,1.40413,21.1084,0.421244,
113,123.706,477.319,827.866,0.259169,4.48837,33.8273,44.8917,146.369,103.445,144.298,2.04775,83.5821,95.2674,359.372,25.7564,356.635,3.45705,3.11532,1.0377,1.40413,18.9509,0.421244,
114,123.706,580.717,913.379,0.213023,4.61456,47.7046,47.4183,192.113,98.3184,190.548,2.31946,98.2295,103.484,401.859,30.4421,404.325,2.69294,3.03649,1.0377,1.40413,18.5718,0.422286,
115,123.694,475.336,916.008,0.260225,4.38426,41.2369,28.04,149.468,106.823,145.384,2.1183,105.871,62.8322,409.207,23.6298,400.421,2.49329,1.69147,1.0377,1.40413,18.8659,0.422286,
116,123.676,350.447,704.194,0.35291,4.07384,43.6975,30.0163,83.5271,107.199,81.9333,1.47127,110.978,94.4557,280.349,22.6723,293.787,3.34004,3.46362,1.03018,1.40725,18.5492,0.422286,
117,123.676,510.719,857.153,0.242162,4.44621,56.6065,23.3557,164.075,103.557,158.679,1.98308,123.722,57.7291,365.14,25.9096,352.895,3.26588,2.06604,1.04621,1.40725,11.1626,0.422286,
118,123.676,653.299,1066.3,0.18931,4.34128,56.3078,44.8715,223.652,104.391,219.736,1.98212,125.811,95.0825,449.02,22.3763,456.16,3.17548,2.1378,1.04554,1.41339,17.5766,0.422586,
119,123.676,385.252,752.707,0.321027,3.81358,24.8972,45.8446,101.403,109.016,100.278,1.21918,86.6101,111.909,337.412,17.8682,342.811,2.17745,1.18156,1.0379,1.41339,23.9419,0.422586,
120,123.676,420.962,760.342,0.293794,4.17669,46.5638,34.9545,115.348,105.925,113.995,1.73901,122.54,93.4381,309.87,22.6711,304.972,2.09045,2.44376,1.0379,1.42172,18.4701,0.422269,
121,123.662,453.171,799.282,0.272882,4.35938,51.4509,39.988,130.809,100.4,126.163,1.91025,117.174,91.8699,338.281,31.6375,331.341,2.75603,2.19787,1.03484,1.42247,18.117,0.422586,
122,123.662,536.819,978.183,0.230361,4.69591,44.696,61.3681,164.348,101.624,160.087,2.19549,118.229,139.144,408.674,27.3971,403.131,3.6022,2.41219,1.03484,1.42247,18.0799,0.423299,
123,123.662,410.783,795.336,0.30104,3.99816,23.5901,30.6942,124.881,104.144,123.476,1.21759,65.2126,100.146,342.744,26.028,343.591,2.3103,3.45566,1.03484,1.42247,21.8741,0.423337,
124,123.649,335.474,532.861,0.368579,3.7862,12.9055,25.3026,94.1625,106.659,92.6591,0.610773,49.3226,69.3471,243.159,18.7911,235.805,3.23547,1.9923,1.03043,1.42247,27.2155,0.422825,
125,123.649,291.449,523.388,0.424256,3.89159,14.6248,17.81,74.1578,107.847,73.1181,1.12298,40.1597,68.5744,239.717,20.8166,238.029,2.76684,2.76093,1.03043,1.42323,19.0262,0.422778,
126,123.649,428.595,809.098,0.288498,4.12902,31.1521,29.6456,130.125,105.173,128.37,1.612,81.2338,83.583,349.731,24.0427,352.78,2.57462,3.45795,1.03043,1.42378,18.6569,0.422857,
127,123.649,570.773,947.879,0.216634,3.78984,49.7515,46.9978,182.891,107.439,179.905,0.865162,110,115.25,399.87,19.0951,385.763,3.34709,1.33635,1.03043,1.4236,24.7276,0.422857,
128,123.642,533.721,927.476,0.231659,4.45676,44.0639,49.4644,168.716,103.82,163.2,1.90271,108.718,117.187,395.601,23.8454,388.866,3.62,2.20573,1.02634,1.4236,17.614,0.422857,
129,123.642,456.758,753.655,0.270694,4.19772,46.7841,46.8478,130.146,100.978,127.805,1.73972,117.373,124.436,321.546,30.4374,314.153,2.26799,1.62517,1.02634,1.42295,16.0883,0.422857,
130,123.641,668.52,1043.95,0.184947,3.99365,56.2959,43.1946,234.778,101.751,228.507,1.51372,129.693,85.8341,439.897,26.4225,431.939,2.77206,2.36691,1.02634,1.42295,13.4651,0.423828,
131,123.625,538.338,940.186,0.229643,4.65292,50.2742,59.8687,160.338,104.888,158.316,2.13068,118.489,119.401,401.45,23.2121,385.435,3.09153,1.79965,1.01916,1.42295,18.4901,0.424333,
132,123.625,526.285,841.193,0.234902,4.36988,48.5775,47.2167,164.635,98.8119,162.674,1.74614,101.029,97.0682,359.672,30.2995,357.137,2.55189,1.46444,1.01916,1.42295,18.0879,0.424091,
133,123.616,383.69,646.088,0.322177,4.01102,23.81,52.292,100.325,104.489,98.764,1.64538,64.861,129.682,287.191,26.9356,300.458,2.38049,2.47011,1.01882,1.42291,14.2175,0.422942,
134,123.616,421.628,700.751,0.293187,4.51097,52.0816,71.9451,97.4064,100.957,94.7275,2.30562,118.886,155.983,266.153,31.076,264.36,2.17697,3.45677,1.01882,1.42291,17.9201,0.422942,
135,123.616,526.396,822.145,0.234835,3.81888,28.7605,65.0225,163.203,103.665,161.927,1.35935,85.389,142.417,348.873,25.1448,346.452,1.92761,1.19223,1.01882,1.42291,10.0665,0.422942,
136,123.616,350.7,629.483,0.352484,4.10482,24.3681,27.0153,95.3308,106.294,93.5863,1.71176,74.7292,77.4309,289.525,19.0001,275.479,2.21223,2.34181,1.0175,1.42291,43.1782,0.422942,
137,123.616,458.779,792.146,0.269446,4.40338,21.8,53.2519,137.556,105.044,136.724,1.94894,60.6514,111.194,346.156,23.6507,355.236,2.11199,2.33806,1.0175,1.42286,21.2644,0.422942,
138,123.616,410.403,659.665,0.301206,4.07236,36.6003,39.7971,114.931,102.319,112.683,1.50252,88.5232,102.396,284.638,27.8568,284.048,3.03393,0.830967,1.0175,1.4225,15.6822,0.422942,
139,123.615,450.339,758.214,0.274493,4.10696,24.4681,41.8928,139.958,101.163,138.75,1.48313,66.0257,114.455,332.174,28.0344,335.004,2.15602,2.19438,1.0175,1.4225,18.6117,0.423005,
140,123.609,549.737,1098.31,0.224851,4.31425,41.7026,36.1822,181.53,106.247,179.761,1.85139,105.627,100.466,467.208,21.5917,465.471,3.61877,2.76821,1.01393,1.4225,22.4771,0.423005,
141,123.609,396.481,677.742,0.311766,4.2734,33.7512,30.3325,113.73,106.064,108.33,1.74305,101.701,98.662,308.304,21.9455,297.856,2.65144,1.40471,1.01393,1.4225,17.6516,0.423442,
142,123.607,323.702,554.913,0.381855,4.01727,26.002,48.2219,67.3967,111.848,66.2166,1.36652,80.2434,127.091,213.723,13.3397,205.95,3.3301,2.3008,1.01393,1.42213,28.2256,0.423442,
143,123.605,453.247,804.075,0.272711,4.06573,46.0537,38.949,130.732,104.765,128.682,1.54649,99.7131,106.727,322.181,25.2661,323.497,2.61338,3.45391,1.01393,1.42213,17.3385,0.423442,
144,123.604,415.148,669.283,0.297734,4.27001,38.3097,44.451,113.128,104.42,110.57,1.60324,98.3004,103.522,273.26,24.9061,267.072,2.87259,1.72052,1.01393,1.42124,6.59244,0.423442,
145,123.604,395.164,728.071,0.312791,4.27874,25.4075,37.8161,111.323,106.966,109.373,1.72415,76.7219,106.068,314.742,23.1043,311.196,3.19226,0.959214,1.01188,1.4201,11.0144,0.423442,
146,123.599,426.386,805.915,0.289877,4.00664,27.7184,31.6068,128.814,106.753,127.488,1.39285,70.1989,87.9716,345.65,20.825,344.969,2.62509,1.94348,1.01188,1.4201,23.6432,0.42353,
147,123.599,344.766,624.75,0.358502,4.46714,34.8871,34.2606,83.7328,105.564,81.8544,2.13388,88.5419,90.5082,279.371,23.3608,274.911,1.9595,2.38726,1.01188,1.4201,18.1836,0.42353,
148,123.595,366.114,711.647,0.337585,3.76993,24.8636,38.4536,97.6807,104.722,96.6241,0.921349,62.7676,111.614,294.193,25.0687,294.324,2.41787,3.44755,1.01188,1.4194,18.8985,0.422765,
149,123.595,465.726,821.608,0.26538,4.48982,42.4495,58.5272,128.924,104.159,127.176,2.15486,96.4572,130.991,317.797,23.6463,316.238,2.98634,2.39949,1.01188,1.4194,15.4318,0.422765,
150,123.595,478.747,938.266,0.258163,3.87077,36.3968,49.9787,140.892,108.158,139.45,1.36278,104.698,131.098,368.797,18.5121,369.164,2.81896,2.05468,1.01176,1.4194,19.6188,0.422765,
151,123.59,615.791,1004.06,0.200702,4.5501,45.6576,58.6437,207.319,98.9632,200.658,2.12216,108.715,119.02,416.096,31.4599,427.082,3.61874,2.34625,1.0113,1.4194,18.1332,0.422765,
152,123.59,478.328,771.418,0.258379,4.09345,31.9798,31.1289,155.014,103.626,152.486,1.55944,94.5179,75.3403,356.814,25.7155,356.394,2.01206,1.06774,1.0113,1.4194,17.5875,0.424036,
153,123.587,429.081,714.892,0.288026,4.09683,14.7748,50.255,127.073,106.722,126.159,1.48855,47.6537,126.141,326.585,20.7533,328.495,2.41178,2.10105,1.01096,1.41896,21.5015,0.424036,
154,123.587,329.946,508.167,0.374566,3.93985,25.8169,41.441,78.2182,104.064,76.4664,1.45571,71.4444,101.724,224.491,25.6564,221.336,2.01335,1.50092,1.01096,1.41896,17.134,0.423055,
155,123.587,567.959,973.244,0.217598,4.26894,49.8397,45.8822,183.789,103.6,180.58,1.7377,113.546,99.6762,423.492,25.9157,418.944,2.03928,1.99316,1.01096,1.41896,18.8187,0.424412,
156,123.587,451.644,754.565,0.273637,3.98715,20.365,45.0985,139.102,105.036,138.056,1.49899,65.3517,109.399,330.162,20.9628,332.518,2.39512,1.66927,1.01096,0.964984,22.608,0.32811,
157,123.587,415.933,819.84,0.297131,4.22533,30.8798,24.0764,126.24,106.963,123.548,1.86297,89.6938,66.9221,358.873,18.8782,350.965,2.63984,2.04367,1.01096,1.41924,24.0586,0.424412,
158,123.586,845.404,1223.96,0.146186,4.83307,94.4521,61.7466,295.573,101.02,287.779,2.34824,155.257,117.742,542.247,26.9073,466.504,2.54347,3.18115,1.01096,1.41924,18.7513,0.424412,
