Generation,Best fitness,Average fitness,Fitness standard deviation,Selection pressure,Roll.rear.camber_angle_gain_roll_l.avg,2in Heave.rear.p_rod_length_l.avg,Roll.rear.side_view_swing_arm_angle_l.avg,2in Heave.rear.toe_angle_l.avg,2in Heave.rear.tie_rod_angle_top_view_l.avg,2in Heave.rear.roll_center_gnd.z.avg,2in Heave.rear.side_view_swing_arm_angle_l.avg,2in Heave.rear.coil_over_length_l.avg,2in Heave.rear.motion_ratio_heave_l.avg,Roll.rear.camber_angle_gain_roll_l.std_dev,2in Heave.rear.p_rod_length_l.std_dev,Roll.rear.side_view_swing_arm_angle_l.std_dev,2in Heave.rear.toe_angle_l.std_dev,2in Heave.rear.tie_rod_angle_top_view_l.std_dev,2in Heave.rear.roll_center_gnd.z.std_dev,2in Heave.rear.side_view_swing_arm_angle_l.std_dev,2in Heave.rear.coil_over_length_l.std_dev,2in Heave.rear.motion_ratio_heave_l.std_dev,Roll.rear.camber_angle_gain_roll_l.best,2in Heave.rear.p_rod_length_l.best,Roll.rear.side_view_swing_arm_angle_l.best,2in Heave.rear.toe_angle_l.best,2in Heave.rear.tie_rod_angle_top_view_l.best,2in Heave.rear.roll_center_gnd.z.best,2in Heave.rear.side_view_swing_arm_angle_l.best,2in Heave.rear.coil_over_length_l.best,2in Heave.rear.motion_ratio_heave_l.best,
0,1143.64,3908.6,1015.68,0.292595,61.1589,0,282.729,290.358,7.19951,2063.25,285.636,571.315,346.953,71.8363,1.29507e-05,380.999,395.453,6.68031,2267.68,386.93,596.631,364.27,2.7483,0,12.3686,12.7507,0.067711,658.854,12.3893,21.1813,11.3788,
1,1143.64,3790.74,1157.03,0.301692,60.9138,0,306.067,296.027,7.09628,2015.34,307.28,486.642,311.373,34.4203,0,263.335,268.516,3.94127,884.982,261.337,307.226,202.228,2.7483,0,12.3686,12.7507,0.067711,658.854,12.3893,21.1813,11.3788,
2,1143.64,3402.74,758.094,0.336093,53.0558,0,275.334,271.023,6.77637,1751.87,276.222,450.138,318.325,30.4853,0,208.63,195.341,3.74069,776.836,211.187,291.272,198.357,2.7483,0,32.2227,33.671,0.067711,658.854,32.2108,20.8577,16.2041,
3,1143.64,3265.71,1105.35,0.350195,48.772,0,276.701,275.625,6.22208,1622.69,278.022,441.059,316.627,28.5389,0,230.508,261.083,3.55685,757.998,235.801,294.637,203.342,2.7483,0,0.362023,3.62481,0.067711,658.854,0.509001,26.7606,16.2041,
4,1143.64,3088.52,1716.47,0.370286,42.4796,0,249.5,239.529,5.76384,1443.62,250.036,418.404,439.187,25.1318,0,170.717,163.929,3.26676,613.091,173.517,303.174,1428.57,2.7483,0,28.9844,15.5879,0.288915,658.854,29.6532,26.7606,37.2858,
5,1143.64,2747.35,631.803,0.416269,37.2984,0,244.522,231.272,5.35975,1291.24,244.749,418.032,274.875,22.0947,0,165.678,146.081,2.9841,521.029,166.582,290.275,213.239,2.7483,0,28.9844,10.1253,0.288915,658.854,29.6532,26.7606,30.5755,
6,1094.65,2532.69,540.166,0.432207,31.916,0,227.266,210.197,5.14074,1150.49,227.515,422.496,257.677,19.2201,0,142.287,139.49,2.88772,421.648,142.144,290.117,150.406,2.7483,0,7.53541,10.1253,0.288915,658.854,8.90743,26.7606,18.5253,
7,1094.65,2455.5,642.342,0.445794,30.0772,0,230.271,181.322,5.04546,1090.13,230.446,454.933,233.274,17.8951,0,178.526,134.796,2.80584,393.839,177.96,311.982,145.783,2.7483,0,0.788927,8.62418,0.211329,658.854,1.72171,26.7606,18.5253,
8,1094.65,2480.5,2147.2,0.441301,26.2678,0,203.034,176.274,4.99967,1019.73,203.554,442.022,404.624,18.8065,0,145.897,135.953,3.36699,438.642,147.357,322.663,1730.43,2.7483,0,0.788927,7.01896,0.211329,658.854,1.72171,26.7606,6.88401,
9,1094.65,2222.28,1045.56,0.49258,25.2531,0,185.195,152.101,5.02155,979.543,185.609,419.984,269.569,19.9354,0,151.094,128.41,3.10078,497.701,151.495,321.032,413.469,2.7483,0,0.788927,7.01896,0.211329,658.854,1.72171,21.8027,6.88401,
10,1094.65,2032.07,654.864,0.538686,20.9852,0,185.096,147.901,5.35119,899.996,185.559,371.941,215.241,17.3991,0,157.697,127.632,3.26117,402.299,158.268,262.008,197.87,2.7483,0,0.342689,3.067,0.211329,658.712,0.72653,21.8027,6.88401,
11,1094.65,2134.49,1183.66,0.512837,21.4856,0,192.187,155.364,4.9399,936.62,192.723,408.056,223.119,22.1823,0,174.962,177.624,3.26596,580.877,174.405,352.195,161.356,2.7483,0,0.788927,7.01896,0.211329,654.759,1.72171,20.4537,6.88401,
12,1094.65,2111.66,2584.06,0.518383,18.473,0,165.771,136.234,4.97392,858.157,166.348,376.768,384.934,18.6437,0,143.595,152.974,3.31392,489.622,146.41,299.024,1907.48,2.74333,0,0.788927,7.01896,0.211329,654.759,1.72171,20.4537,6.88401,
13,903.566,1854.37,953.395,0.487262,17.6908,0,160.493,113.472,5.1974,836.718,160.668,356.301,203.831,17.7308,0,196.424,129.012,3.54729,431.495,196.521,271.558,197.811,2.74333,0,0.788927,4.37917,0.211329,654.759,1.72171,20.4537,6.88401,
14,903.566,1759.78,784.522,0.513454,16.2288,0,136.002,118.183,5.37468,803.383,136.197,328.744,215.666,16.0674,0,119.886,128.713,3.56325,399.266,118.483,259.555,214.173,2.97681,0,0.897058,1.41604,0.211329,654.759,1.96048,20.4537,6.88401,
15,903.566,1630.29,690.549,0.554237,13.9584,0,129.525,119.244,5.29114,760.342,130.093,269.78,202.055,10.5889,0,128.796,112.88,3.24759,215.024,129.839,241.634,164.301,2.87293,0,7.53541,4.37917,0.211329,654.759,8.90743,20.4537,6.88401,
16,903.566,1776.39,2152.17,0.508652,14.5672,0,116.348,93.8404,5.22082,775.261,116.773,294.963,359.421,12.8677,0,113.715,80.655,3.58467,321.704,114.722,304.509,1759.64,2.87293,0,7.53541,1.78141,0.211329,654.759,8.90743,20.4537,6.88401,
17,882.703,1569.45,878.639,0.56243,16.0245,0,115.887,82.1951,4.97953,796.302,116.032,246.947,191.08,16.587,0,157.649,72.9016,3.14814,417.09,157.759,235.705,209.84,2.87293,0,7.53541,2.88274,0.211329,654.759,8.90743,20.4537,6.88401,
18,882.703,1674.21,1702.31,0.527235,16.0238,0,120.496,91.5102,4.86473,800.535,120.838,250.731,269.215,16.1335,0,157.441,122.564,3.14885,420.232,157.061,296.494,984.432,2.87293,0,7.53541,2.88274,0.211329,654.759,8.90743,20.4537,6.88401,
19,882.703,1439.83,751.82,0.613059,14.5554,0,91.0996,66.8114,4.77066,760.753,91.2688,224.251,186.324,13.3459,0,126.466,60.3529,2.87979,344.165,128.458,217.809,220.389,2.87293,0,5.13464,1.24937,0.217141,656.469,5.70949,20.4537,7.89651,
20,882.703,1490.33,1044.61,0.592288,15.1542,0,105.744,71.3254,4.43466,785.627,105.932,236.159,165.95,16.9933,0,162.531,69.6471,2.8331,430.926,163.243,302.425,182.881,2.87293,0,2.55873,1.24937,0.217141,656.469,2.59568,20.4537,7.89651,
21,882.703,1651.85,2885.56,0.534372,15.0875,0,99.0521,71.3066,4.30512,781.034,99.2226,215.245,366.598,16.7795,0,167.021,108.215,2.81291,424.57,167.354,280.581,2217.54,2.87293,0,2.41079,1.24937,0.217141,656.141,3.186,17.7336,7.89651,
22,871.046,8210.44,63531.3,0.10609,19.1514,0,126.023,114.821,4.6887,919.268,128.025,239.592,6658.87,25.5475,0,217.407,220.729,3.48731,737.835,220.127,340.279,62765.4,2.87293,0,2.41079,1.24937,0.30933,656.141,3.186,20.4537,7.89651,
23,871.046,1462.85,2356.3,0.595446,11.8273,0,91.1906,66.6596,4.2793,704.428,91.4819,165.046,327.932,9.45238,0,171.594,81.5233,2.77091,239.001,176.998,231.618,5681.04,2.84295,0,2.41079,1.24937,0.30933,656.141,3.186,20.4537,7.89651,
24,871.046,1553.05,1769.1,0.560863,13.2593,0,120.13,89.9083,4.55267,783.141,122.606,184.609,234.841,12.1735,0,232.504,231.151,3.03495,465.258,241.979,267.017,873.652,2.87293,0,2.41079,1.24937,0.366091,656.141,3.186,20.4537,7.89651,
25,871.046,2083.67,7693.86,0.418035,14.2026,0,85.7322,74.9461,4.41455,787.186,86.2853,169.833,861.068,17.193,0,201.593,173.424,3.13087,480.744,204.087,272.527,7016.97,2.87293,0,2.41079,1.24937,0.176957,656.141,3.186,20.4537,7.89651,
26,871.046,1348.96,1276.83,0.645716,14.4283,0,78.7917,61.8813,4.10478,792.068,79.3208,156.342,162.024,19.9942,0,161.1,117.461,2.55003,547.135,162.742,273.527,616.703,2.97681,0,2.41079,1.24937,0.44949,656.141,3.186,21.7636,7.89651,
27,871.046,1433.25,1999.51,0.607742,13.7908,0,62.7553,65.5118,4.26378,781.2,63.4432,164.861,277.424,17.106,0,105.106,110.12,2.77909,476.577,105.649,264.765,1384.69,3.07478,0,2.41079,1.24937,0.44949,656.141,3.186,17.4161,7.89651,
28,871.046,1254.26,915.248,0.694468,11.7731,0,80.4092,64.6242,4.1118,720.741,81.5424,153.811,137.252,7.60067,0,181.989,123.69,2.87147,209.51,185.201,284.833,165.934,3.07478,0,0.841651,1.24937,0.258295,656.141,1.99039,24.6684,7.89651,
29,871.046,1535.78,2802.46,0.56717,14.997,0,76.6696,73.2258,4.34351,804.058,77.4739,147.418,337.591,19.6161,0,171.899,147.132,2.98866,528.715,171.762,271.168,1940.6,3.07478,0,0.841651,1.24937,0.150962,656.141,1.99039,24.6684,14.8081,
30,817.112,1651.19,1860.04,0.494862,18.8512,0,103.824,73.6407,4.54486,918.956,107.548,165.526,258.301,24.4615,0,246.156,185.442,2.98078,670.913,252.149,283.504,684.997,3.07478,0,0.781492,1.24937,0.150962,656.141,1.86434,18.7936,14.8081,
31,817.112,1368.6,1454.28,0.59704,16.1578,0,85.0354,82.3485,4.78463,834.679,84.9105,110.205,150.484,21.6231,0,280.208,263.019,3.30069,652.53,286.368,137.235,173.257,3.07478,0,0.841651,1.24937,0.150962,656.141,1.99039,18.7936,14.8081,
32,817.112,1790.96,3695.92,0.456242,18.012,0,103.042,73.1002,4.51426,901.194,104.657,184.633,401.81,24.1145,0,267.4,227.169,3.29642,750.351,275.315,351.698,2344.56,3.07478,0,0.841651,1.24937,0.150962,656.141,1.49258,18.7936,14.8081,
33,817.112,1366.43,1726.57,0.59799,14.3031,0,86.378,55.3894,4.10526,764.568,86.7597,150.171,204.757,15.4545,0,233.041,130.632,2.36437,412.823,236.191,328.192,708.283,3.07478,0,0.841651,1.24937,0.0999199,656.141,1.99039,18.7936,14.8081,
34,790.676,1650.07,3792.55,0.479177,15.4898,0,73.2082,60.0794,4.19156,805.98,73.9488,158.355,458.817,19.2345,0,189.633,140.731,2.60731,520.278,189.642,331.617,3001.24,3.07478,0,0.841651,1.24937,0.0999199,656.469,1.694,21.7175,6.15832,
35,755.83,1313.02,2013.42,0.575643,13.9099,0,46.471,51.832,4.16177,765.566,47.1463,119.531,264.4,16.895,0,141.138,164.971,2.47085,478.096,144.979,253.278,1369.72,3.07478,0,0.841651,1.24937,0.0999199,656.469,1.694,21.7175,6.15832,
36,755.83,1887.41,6776.68,0.400458,14.2617,0,63.0478,66.681,4.09213,791.939,64.0503,129.416,753.927,16.7176,0,203.398,201.471,2.19667,512.461,206.3,295.693,6366.27,3.07478,0,0.841651,1.24937,0.0999199,656.469,1.694,21.7175,6.15832,
37,755.83,1415.23,2548.65,0.534068,13.2437,0,86.3719,58.6813,4.32975,751.754,87.7182,139.947,273.185,13.3809,0,288.961,238.725,2.23312,530.988,296.462,320.997,1722.16,3.07478,0,0.841651,1.24937,0.150962,656.469,1.694,21.7175,6.15832,
38,755.83,1273.99,1285.61,0.593275,16.0718,0,73.437,37.2351,4.20217,802.965,73.729,139.825,126.529,20.3037,0,227.03,85.0535,2.19493,517.796,229.4,318.375,237.99,3.07478,0,0.504657,0.860789,0.150962,656.469,0.923095,21.7175,5.28742,
39,755.83,1236.43,1348.2,0.611299,13.8584,0,59.8668,71.8234,3.97174,781.342,62.3095,133.446,109.814,16.9987,0,186.849,257.931,1.87755,534.483,193.792,322.561,122.196,3.07478,0,0.841651,1.24937,0.150962,656.469,1.694,24.8131,5.28742,
40,755.83,1285.37,1598.69,0.588027,15.2855,0,67.3862,57.2014,3.83482,803.392,67.7246,127.108,143.434,21.0474,0,197.864,146.618,1.79137,575.153,196.731,281.358,467.895,3.07478,0,0.811174,2.45403,0.150962,656.469,1.694,24.8131,5.28742,
41,755.83,1512.01,2266.87,0.499885,15.6766,0,106.199,61.0283,4.08687,813.395,107.598,153.056,250.967,18.4843,0,279.053,140.065,2.38852,482.332,273.087,289.744,1222.04,3.07478,0,0.811174,2.45403,0.168452,656.469,1.694,25.6209,5.28742,
42,755.83,1406.84,1671.49,0.537253,15.3831,0,107.266,60.0428,3.84423,823.327,108.058,187.027,101.892,19.2212,0,294.231,200.683,2.13204,549.499,296.561,392.854,184.831,3.07478,0,0.811174,2.21823,0.122576,656.469,1.694,26.0999,5.28742,
43,755.83,1260.61,1395.44,0.599574,14.7078,0,82.1105,57.9292,3.73151,790.201,83.0172,139.577,89.336,18.999,0,245.993,160.443,1.97444,536.446,251.593,297.074,151.195,3.22715,0,0.811174,2.21823,0.168452,631.309,1.694,26.0999,5.19983,
44,755.83,1424.74,1674.33,0.530504,15.0741,0,111.227,74.119,4.19984,791.403,112.421,165.058,151.238,16.0627,0,314.447,225.302,3.00095,414.795,313.827,343.773,416.335,3.22715,0,0.811174,1.45374,0.168452,656.469,1.96248,26.0999,5.19983,
45,755.83,1345.07,1306.49,0.561926,17.9909,0,69.8693,52.5651,4.32481,862.731,70.5475,138.655,128.385,25.4996,0,208.989,133.162,2.93634,693.814,213.604,280.319,250.942,3.22715,0,0.811174,1.45374,0.176294,656.469,1.96248,26.0999,5.19983,
46,755.83,1674.3,4325.18,0.45143,14.3171,0,78.5893,58.5015,3.91741,777.634,79.1428,157.315,504.884,14.3019,0,246.682,189.238,2.30778,400.377,247.211,364.762,3405.16,3.22715,0,0.484474,1.45374,0.176294,656.469,0.525201,26.0999,2.45801,
47,755.83,1604.43,3484.69,0.47109,16.9432,0,67.3368,73.824,4.16519,845.691,67.7132,145.091,383.664,22.2829,0,194.953,213.98,2.90294,646.868,195.756,300.962,2920.35,4.14057,0,0.484474,1.45374,0.176294,656.742,0.525201,27.3748,4.13547,
48,755.83,1298.42,1875.16,0.582114,15.2756,0,63.1903,51.9472,3.68043,778.564,64.5913,135.764,185.408,16.6823,0,201.613,152.367,2.31346,458.932,203.306,308.232,1099.67,4.14057,0,0.484474,1.45374,0.176294,656.742,0.525201,27.3748,4.13547,
49,755.83,1301.19,1418.17,0.580875,17.9006,0,62.6128,49.9571,4.22555,844.52,64.1839,173.408,84.3835,21.9863,0,188.019,122.771,3.19802,588.054,188.52,373.665,203.811,4.14057,0,0.484474,1.45374,0.176294,656.742,0.525201,27.3748,4.13547,
50,755.83,1645.8,2966.09,0.459246,17.9486,0,95.1326,74.3256,4.14464,866.969,96.3503,139.296,351.638,24.1538,0,258.739,188.904,2.79073,685.648,262.117,306.781,2170.16,4.14057,0,0.484474,1.45374,0.176294,656.742,0.525201,28.3019,4.13547,
51,755.83,1470.24,1984.8,0.514085,16.4583,0,97.6182,105.702,4.30416,857.51,100.691,186.216,101.744,20.5796,0,299.03,341.742,3.00104,713.385,305.699,406.612,329.898,4.14057,0,0.484474,1.45374,0.176294,656.742,0.525201,31.0588,5.19983,
52,755.83,1374.35,2161.26,0.549953,16.7937,0,88.0999,43.3309,3.99583,822.696,88.7439,136.318,174.374,18.5081,0,249.568,174.846,2.53583,496.599,253.498,329.093,964.925,4.14057,0,0.484474,1.45374,0.176294,656.742,0.525201,29.8528,5.19983,
53,755.83,1289.79,1487.5,0.586009,15.9122,0,71.0199,51.479,3.89854,801.164,72.4089,143.973,129.937,14.9019,0,199.838,154.552,2.54695,409.698,203.885,336.504,534.087,7.08107,0,0.971542,1.45374,0.176294,656.742,2.08022,29.8528,5.19983,
54,755.83,1439.86,2115.24,0.524934,19.2217,0,49.7125,44.3231,3.77561,896.779,50.1402,174.43,201.474,27.4236,0,161.42,122.531,2.27121,744.845,165.075,389.672,1072.96,7.09882,0,0.266508,1.14999,0.176294,656.742,0.409132,29.8528,5.19983,
55,743.768,1312.78,1452.97,0.566561,17.7382,0,68.7944,67.4222,3.93216,859.454,69.6597,150.984,74.7939,22.1768,0,196.859,160.943,2.51176,617.316,195.062,292.815,238.44,5.83071,0,0.266508,1.14999,0.176294,656.742,0.409132,33.9542,5.19983,
56,743.768,1732.5,4233.32,0.429303,16.5332,0,93.3432,93.6383,3.91276,859.574,93.8547,152.699,418.949,18.8079,0,265.679,330.502,2.56747,675.869,270.021,319.35,3586.78,7.34766,0,0.266508,1.14999,0.176294,656.742,0.409132,33.9542,5.19983,
57,743.768,1105.95,1203.69,0.672518,15.0076,0,51.8263,46.8974,3.82272,763.793,54.1724,104.883,65.544,14.6036,0,200.89,141.675,2.19669,379.67,201.89,233.246,237.087,7.34766,0,0.266508,1.14999,0.427073,656.742,0.299324,34.6594,4.17093,
58,743.768,1900.82,6148.7,0.391288,16.062,0,105.399,69.4935,3.93035,800.896,107.467,192.288,605.285,14.8972,0,315.901,197.756,1.79775,449.967,311.295,430.073,5459.77,7.34766,0,0.266508,1.45374,0.5209,656.742,0.299324,34.6594,4.17093,
59,743.768,1322.52,1548.86,0.562386,17.7887,0,71.17,67.2254,3.78142,860.19,72.2805,158.743,71.3444,22.8454,0,217.88,175.843,1.79493,675.422,227.592,336.193,510.655,7.34766,0,0.266508,1.45374,0.414915,656.742,0.299324,34.6594,4.17093,
60,743.768,969.876,1142.32,0.76687,12.342,0,32.5249,47.2012,3.94655,726.96,36.0067,77.4423,33.4525,8.94352,0,167.76,208.117,2.03219,399.416,185.097,204.529,113.546,7.34766,0,0.266508,1.45374,0.5209,656.742,0.409132,34.6594,4.17093,
61,743.768,1628.23,4612.5,0.456795,15.9878,0,50.7093,36.36,3.88353,792.744,51.1114,117.889,559.549,19.1357,0,205.673,102.623,1.74936,523.323,203.009,268.729,3844.55,7.34766,0,0.266508,1.45374,0.763059,658.395,0.409132,36.2268,3.6255,
62,743.768,1194.09,1225.28,0.622873,14.397,0,83.6181,66.8485,4.40801,748.005,84.2549,145.97,46.5923,9.64803,0,267.898,156.584,2.52192,273.905,260.494,324.918,447.583,7.34766,0,0.266508,1.45374,0.763059,658.395,0.409132,39.8473,3.6255,
63,743.768,1359.32,3787.43,0.547163,14.2745,0,43.8486,28.4896,3.8035,740.002,44.2173,114.418,370.265,12.0425,0,172.013,68.5278,1.52958,319.473,176.11,272.19,3204.77,7.34766,0,0.266508,1.45374,0.763059,658.395,0.409132,37.8271,3.6255,
64,743.768,1521.04,2940.12,0.488988,16.9338,0,98.4557,51.2447,3.86573,812.034,98.9067,153.174,286.421,18.6936,0,276.627,146.966,1.82464,478.947,268.961,341.173,1870.33,5.63569,0,0.266508,1.45374,0.713203,658.311,0.409132,39.6448,3.6255,
65,743.768,2391.61,10336.2,0.310991,19.705,0,110.547,62.5765,4.10707,890.532,111.7,154.838,1037.6,23.652,0,331.794,170.594,2.23998,640.936,332.591,307.075,9519.62,7.34766,0,0.266508,1.45374,0.531792,658.395,0.409132,39.225,3.6255,
66,743.768,1380.72,2775.67,0.538682,15.9302,0,55.2486,56.962,4.37008,794.5,57.3438,131.476,264.887,18.29,0,219.826,164.475,3.1912,493.762,218.489,320.38,2118.57,7.34766,0,0.266508,1.45374,0.763059,658.395,0.409132,36.4193,3.6255,
67,743.768,1532.54,2317.16,0.485318,18.0937,0,83.9302,95.0716,3.97155,868.922,85.5938,195.435,181.519,21.5401,0,255.526,276.625,2.47514,634.83,254.521,401.8,1103.58,7.34766,0,0.266508,1.45374,0.763059,658.395,0.409132,37.8883,3.6255,
68,743.768,1316.69,1587.81,0.564877,17.6218,0,72.3232,62.4715,3.88633,847.913,73.9515,151.298,87.2238,20.5745,0,252.609,205.49,2.30604,578.943,260.518,336.865,260.734,6.20643,0,0.266508,1.45374,0.763059,658.395,0.409132,37.8883,3.6255,
69,743.768,1366.75,1797.88,0.544188,17.9588,0,55.6363,69.656,3.82392,854.625,56.3229,165.822,142.903,23.0016,0,167.877,174.497,2.22583,645.874,172.142,380.841,706.138,7.34766,0,0.266508,1.45374,0.393761,658.395,0.409132,37.8883,2.24788,
70,743.768,1669.15,3547.63,0.445598,16.6602,0,54.8912,55.8514,3.91724,831.907,56.9194,178.14,470.86,18.4546,0,168.808,155.301,2.07758,562.549,175.478,405.15,2659.32,7.62018,0,0.266508,1.45374,0.425047,658.395,0.409132,36.379,2.24788,
71,743.768,1327.31,1845.75,0.560357,16.5785,0,72.9241,75.7977,3.87912,826.499,74.3626,133.544,123.727,20.1468,0,268.989,248.086,2.18183,570.241,269.179,306.265,714.444,4.14127,0,0.266508,1.45374,0.425047,658.395,0.409132,34.1015,2.24788,
72,743.768,1220.95,1389.18,0.609173,16.2777,0,53.86,76.476,4.0293,825.296,54.0453,137.042,53.9203,17.9508,0,188.666,250.28,2.17271,544.23,196.231,319.898,196.115,7.62018,0,0.266508,1.45374,0.425047,658.395,0.409132,37.8883,2.24788,
73,743.658,1353.53,1719.36,0.549421,17.3612,0,96.8972,67.3137,4.08712,831.661,98.0668,149.113,89.031,19.6104,0,313.99,216.078,2.93471,547.34,316.671,319.902,244.053,6.99498,0,0.266508,1.45374,0.425047,624.848,0.409132,35.0987,2.24788,
74,743.658,1193.36,1392.14,0.623162,17.6438,0,44.1788,35.0591,3.7106,844.287,46.069,137.745,64.6695,23.3533,0,191.846,143.505,1.95843,661.174,206.941,324.546,197.898,7.62018,0,0.266508,1.45374,0.425047,658.395,0.409132,37.8883,1.80069,
75,743.658,1191.43,3616.09,0.624171,12.6819,0,9.03828,23.1764,3.67647,704.069,9.53767,81.7149,347.539,8.61689,0,43.3463,70.1426,1.69141,249.047,45.5456,208.757,3272.83,7.62018,0,0.266508,1.45374,0.425047,658.395,0.409132,37.8883,1.80069,
76,743.658,1274.22,1680.64,0.58362,17.9012,0,63.736,44.001,3.91365,852.395,64.9102,143.212,84.1482,21.7514,0,238.444,154.716,2.21129,612.098,232.763,330.446,513.482,10.483,0,0.23172,1.45374,0.425047,661.918,0.409132,37.8883,1.80069,
77,743.658,2513.73,6014.34,0.295838,18.105,0,124.293,82.0081,4.13917,927.618,129.016,198.762,1029.79,22.1966,0,371.035,310.736,3.19642,1214.92,369.135,422.635,4566.29,6.41729,0,0.23172,1.45374,0.425047,661.918,0.409132,38.8792,1.80069,
78,743.658,1354.15,1740.99,0.549172,18.2532,0,97.4319,64.4244,3.53074,851.296,98.1174,126.679,94.4129,21.7915,0,301.356,203.52,1.92458,612.386,306.033,281.633,856.548,10.483,0,0.23172,1.45374,0.425047,661.918,0.409132,36.6033,1.80069,
79,743.658,1308.46,2388.35,0.568345,16.1525,0,48.9268,59.6482,3.59218,813.7,50.6929,137.554,178.195,19.9705,0,234.482,255.766,2.34172,654.376,242.563,342.595,1358.16,10.483,0,0.23172,1.45374,0.425047,661.918,0.409132,38.8792,1.80069,
80,743.658,1171.75,1472.78,0.634657,15.6002,0,76.9323,55.463,3.63953,782.086,77.5873,110.863,49.5775,16.7812,0,277.125,162.091,1.81636,455.87,272.385,269.862,219.182,10.483,0,0.23172,1.45374,0.241518,661.918,0.409132,39.4127,1.80069,
81,743.658,1206.98,1849.27,0.616132,15.2477,0,63.5286,41.807,3.68048,768.11,64.2239,126.406,123.976,16.454,0,227.595,116.025,2.24112,452.459,231.038,297.439,870.058,9.61882,0,0.23172,1.45374,0.415778,661.138,0.409132,38.1479,1.80069,
82,743.658,1419.06,2164.81,0.524051,17.5479,0,73.239,57.0149,3.85531,846.591,74.1952,168.138,178.475,20.692,0,281.507,200.8,2.41885,591.929,283.474,389.844,986.528,10.483,0,0.23172,1.45374,0.420216,661.918,0.409132,34.1402,1.80069,
83,743.658,1318.85,2721.33,0.56387,15.3462,0,66.7319,44.8871,3.45819,776.955,67.2744,116.683,227.511,16.2127,0,229.721,126.06,1.50397,453.838,230.246,276.461,1902.93,10.483,0,0.23172,1.45374,0.425047,617.161,0.409132,39.6448,1.80069,
84,738.197,1517.37,3590.71,0.486498,16.8345,0,62.322,50.5196,3.70826,816.32,63.1493,162.541,341.972,20.8674,0,277.58,197.445,2.21758,571.318,278.535,396.055,2993.3,10.2653,0,0.23172,1.45374,0.425047,661.918,0.409132,39.6448,1.80069,
85,737.957,1259.49,1462.8,0.585919,17.5763,0,74.1066,52.1648,3.9012,841.567,75.4027,140.391,54.3776,20.8069,0,227.424,146.136,2.92212,583.961,227.209,299.777,328.484,10.1449,0,0.23172,1.45374,0.425047,660.618,0.409132,37.9525,1.80069,
86,737.957,1459.09,2242.03,0.505764,18.5285,0,74.3859,55.4302,4.07,904.337,77.5307,125.913,198.899,23.2718,0,229.059,243.751,3.41204,780.936,241.354,282.977,1263.13,9.85021,0,0.23172,1.45374,0.425047,659.8,0.568681,39.2937,1.80069,
87,737.957,1332.32,1918.94,0.553891,16.636,0,89.7102,69.7254,3.76346,855.544,94.1208,149.12,53.6962,20.193,0,293.81,277.383,2.72836,737.3,304.341,338.536,201.616,9.72977,0,0.23172,1.45374,0.425047,659.8,0.568681,38.8885,1.80069,
88,737.957,1317.77,2626.35,0.560004,15.787,0,50.049,35.2793,3.3827,794.276,50.6882,135.089,233.22,18.115,0,218.348,129.902,1.61098,504.211,226.089,328.838,1883.4,9.4977,0,0.23172,1.45374,0.425047,658.595,0.568681,39.2937,1.80069,
89,737.957,2243.38,11216.2,0.328949,13.9584,0,76.5725,41.7082,3.56358,736.864,77.2631,136.402,1157.05,9.55981,0,248.029,108.119,2.18101,261.476,244.061,296.413,10804.9,8.73913,0,0.23172,1.23862,0.425047,658.595,0.568681,39.2937,1.80069,
90,737.849,1320.16,2074.73,0.558907,16.4651,0,64.9622,36.9786,3.325,806.504,65.4986,148.346,178.084,19.3826,0,228.388,101.294,1.69754,510.778,230.385,358.636,1521.45,9.50084,0,0.23172,1.2313,0.425047,658.595,0.568681,39.2937,1.80069,
91,737.849,1456.31,4744.8,0.506656,15.0765,0,43.2205,23.517,3.27441,772.044,44.0544,114.529,440.595,17.1765,0,188.025,87.077,1.77451,459.69,192.295,303.049,4063.55,9.50084,0,0.23172,0.216939,0.425047,658.595,0.568681,39.2937,1.80069,
92,737.849,1234.32,1484.41,0.597775,15.5436,0,74.6364,59.0253,3.52972,801.787,77.3681,150.834,51.6005,18.1877,0,264.629,206.257,2.19028,524.18,273.044,350.602,354.896,5.97694,0,0.23172,1.41712,0.425047,658.595,0.568681,39.5078,1.80069,
93,737.248,8091.33,65319.9,0.0911159,15.3542,0,72.1446,63.5871,3.28798,784.159,71.4928,149.764,6931.54,17.3606,0,235.595,204.525,1.55091,471.125,233.286,363.331,64712.7,9.50084,0,0.23172,1.09362,0.425047,658.595,0.568681,41.0854,1.80069,
94,737.248,2631.72,12417.4,0.28014,17.6824,0,68.0235,40.0098,3.35463,842.188,68.559,144.45,1447.45,23.9274,0,236.634,138.964,1.75143,632.825,236.865,337.011,13210,9.50084,0,0.23172,1.41712,0.425047,658.595,0.568681,39.6777,1.80069,
95,737.248,1243.06,1441.32,0.59309,17.187,0,74.4312,38.4048,3.22564,834.024,74.9862,153.156,47.6484,21.6084,0,242.497,115.701,1.40344,573.524,241.397,345.936,1203.71,9.00877,0,0.247659,1.41712,0.203268,658.446,0.276856,39.6777,1.80069,
96,726.764,1341.86,1785.38,0.54161,17.8358,0,89.7564,64.2961,3.36795,838.987,92.0141,177.481,58.1191,26.2435,0,295.612,229.534,1.72117,593.843,303.083,413.692,181.027,4.47884,0,0.247659,1.41712,0.710025,658.446,0.276856,39.6777,1.80069,
97,726.764,1082.67,1920.11,0.67127,13.6197,0,22.8803,20.0822,3.17283,747.056,24.5764,90.8468,160.436,16.8511,0,135.693,86.3085,2.16052,469.281,141.401,245.238,1304.44,2.63834,0,0.247659,1.36694,1.07146,658.446,0.276856,39.5738,1.80069,
98,726.764,1499.72,2750.57,0.484601,19.0197,0,55.3248,36.8358,3.34928,895.57,55.8359,178.825,254.955,27.253,0,212.467,101.758,2.16664,746.038,212.191,420.205,1664.05,9.34225,0,0.247659,1.41712,1.07146,658.446,0.276856,39.5738,1.80069,
99,726.764,1257.04,2060.98,0.578154,14.3068,0,60.221,49.3339,3.25455,768.019,61.3153,127.099,173.494,16.4159,0,223.396,214.481,2.15335,482.507,224.932,325.948,1119.01,9.34225,0,0.247659,1.41712,0.716669,658.446,0.276856,39.5738,1.80069,
100,726.764,1747.66,4689.6,0.415851,15.9096,0,58.6292,40.0442,3.25625,808.416,59.1522,135.909,626.339,21.1249,0,204.9,142.745,2.04335,575.637,205.121,326.128,3776.16,9.34225,0,0.247659,1.41712,1.07146,658.446,0.276856,39.5738,1.80069,
101,726.764,1240.02,1543,0.586088,15.0237,0,68.247,44.9483,3.54067,794.726,69.5872,175.507,68.4448,16.833,0,254.235,153.969,2.69936,472.642,258.409,411.295,591.617,9.34225,0,0.247659,1.41712,1.07146,658.446,0.276856,39.5738,1.80069,
102,726.764,1691.64,3456.18,0.429621,17.0856,0,66.1175,52.0372,3.33752,850.747,67.2912,183.414,451.609,22.5451,0,215.697,166.917,2.66797,619.758,217.997,408.526,2421.73,3.80952,0,0.247659,1.41712,0.350585,658.446,0.276856,37.8271,1.80069,
103,726.764,138968,1.3684e+06,0.00522972,13.0016,0,50.2735,53.296,3.03138,742.523,52.0575,141.039,137913,13.5754,0,197.102,210.506,2.08774,399.418,198.82,371.681,1.3636e+06,9.34225,0,0.247659,1.41712,0.350585,658.446,0.276856,41.1814,1.80069,
104,726.764,1048.55,1120.57,0.69311,14.2708,0,44.4895,18.3044,2.94225,761.303,45.0126,99.2295,63.0025,16.5465,0,183.025,72.5284,2.02415,434.515,183.169,222.664,117016,9.48792,0,0.247659,0.962023,0.350585,658.595,0.276856,41.9944,1.80069,
105,726.764,1196.91,1535.56,0.6072,14.32,0,71.136,58.1999,3.26,803.993,75.7232,122.961,47.3189,16.896,0,248.822,253.806,2.47992,577.803,264.391,284.566,151.428,9.48792,0,0.247659,1.15264,0.615152,658.595,0.276856,41.7944,1.80069,
106,726.764,2083.11,6804.69,0.348884,18.3715,0,56.8857,54.9902,3.18602,890.654,58.3072,158.268,842.451,25.8941,0,175.644,163.525,2.00893,716.596,181.479,343.427,6161.86,9.28774,0,0.596711,1.15264,1.14488,658.337,1.1142,41.7944,1.80069,
107,726.764,1968.25,4916.32,0.369243,17.386,0,102.765,67.5279,3.29825,855.527,103.679,184.543,633.528,20.7727,0,292.583,210.836,2.49519,560.173,293.461,421.272,3927.36,9.2635,0,0.596711,1.15264,0.589726,658.337,1.1142,41.7944,1.80069,
108,726.764,1466.81,2739.87,0.495474,15.283,0,82.7401,72.2473,3.28387,818.754,83.7986,121.692,269.008,19.7816,0,243.177,225.863,2.48083,558.216,244.738,308.708,1864.68,6.03824,0,0.558178,1.15264,0.771323,658.337,0.52321,41.7944,2.02114,
109,726.764,1426.53,2573.62,0.509464,16.3423,0,53.95,60.6136,3.00004,845.551,55.8268,144.572,246.672,21.1275,0,193.066,210.343,1.92648,615.562,199.287,315.615,1566.93,9.2635,0,0.596711,1.15264,0.771323,658.337,1.24417,39.9721,2.02114,
110,726.764,2097.25,8588.37,0.346532,14.3799,0,51.7762,54.7231,2.84803,789.003,55.0527,114.043,1015.42,19.8123,0,222.477,254.666,1.44292,624.74,230.038,288.622,7736.82,9.2635,0,0.596711,1.15264,0.225026,658.337,1.24417,39.9721,2.02114,
111,726.764,2273.4,12748.2,0.319681,14.4148,0,50.3641,26.579,2.79026,767.535,51.0266,104.742,1255.95,18.6104,0,223.857,124.422,1.02381,499.032,224.509,263.25,12064.6,9.2635,0,0.596711,1.41712,0.771323,658.337,1.24417,39.9721,2.02114,
112,726.764,1321.73,2153.17,0.549859,14.9005,0,83.5227,66.6583,3.08808,835.098,86.7075,139.897,91.8548,19.1758,0,310.258,279.554,1.88085,670.679,323.089,370.148,1064.36,9.2635,0,0.596711,1.41712,0.771323,658.337,1.24417,27.6542,2.00249,
113,726.764,1524.04,2582.05,0.476867,16.8909,0,98.5607,64.3934,3.31649,852.864,100.437,169.997,217.579,20.0408,0,292.522,247.052,2.70635,552.906,295.912,376.89,1492.42,9.2635,0,0.596711,1.41712,0.771323,658.595,1.24417,41.7944,1.96654,
114,726.764,2285.81,11215.8,0.317946,16.1512,0,50.1455,50.2245,2.90648,831.487,51.0249,129.425,1154.45,22.465,0,206.134,167.807,1.05586,625.369,212.281,274.257,10848.1,9.2635,0,0.480615,1.4277,0.771323,658.595,1.18125,41.7944,1.96654,
115,726.764,1175.55,1475.29,0.618232,15.91,0,55.3112,45.502,2.93153,830.307,57.1415,129.584,38.8658,21.8251,0,199.913,174.496,1.73767,624.612,205.484,306.438,920.106,9.2635,0,0.480615,1.06493,0.617832,658.595,1.18125,41.7944,1.96654,
116,726.764,1358.39,1867,0.535018,16.8066,0,93.4779,68.4372,3.11009,858.406,94.999,159.3,63.8546,21.8071,0,319.707,263.494,1.9764,626.885,316.411,365.615,185.161,9.2635,0,0.480615,1.06493,0.771323,658.595,1.18125,41.7944,1.96654,
117,726.764,1489.46,3708.01,0.487939,16.2447,0,59.7258,40.3991,3.06572,840.771,61.2796,168.217,299.753,21.8875,0,222.144,207.666,1.79244,615.895,229.909,410.822,2759.25,9.2635,0,0.480615,1.01658,0.771323,658.595,1.18125,40.4409,1.96654,
118,726.764,1115.42,1424.15,0.651558,12.8769,0,55.8187,30.4459,3.02373,729.587,56.703,139.084,87.8846,12.0224,0,228.634,115.858,1.66127,299.783,229.359,341.803,517.394,9.2635,0,0.480615,1.06493,0.771323,658.595,1.18125,41.7944,1.96654,
119,726.764,1160.11,1318.29,0.626459,14.844,0,62.9704,32.483,3.03756,787.731,64.4765,109.543,85.0294,17.1886,0,228.132,121.525,2.27239,457.262,226.948,213.956,310.1,9.2635,0,0.480615,1.06493,0.614352,658.595,1.18125,41.7944,1.96654,
120,726.764,1860.97,5563.81,0.390529,17.4607,0,47.0392,32.739,2.96623,824.566,48.8815,146.922,740.399,30.9862,0,197.678,167.574,1.75966,638.882,204.598,364.867,5002.33,9.2635,0,0.236167,1.06493,0.762065,658.595,0.549118,41.7944,1.96654,
121,726.764,1493.6,2364.36,0.486586,16.7679,0,59.3611,60.4751,3.03652,851.299,60.1494,172.38,270.129,21.6,0,199.413,212.938,1.56877,596.025,196.61,371.225,1611.73,9.13588,0,0.480615,1.06493,0.762065,658.595,1.17614,26.6491,1.96654,
122,726.764,1314.75,2533.34,0.552776,14.531,0,60.2743,44.1819,3.29826,783.331,62.6899,108.983,237.464,16.2534,0,211.052,201.721,3.09629,459.528,215.93,257.382,1921.47,9.48747,0,0.480615,0.532006,0.762065,658.595,1.18125,41.7944,1.96654,
123,726.764,1167.94,1315.04,0.62226,15.4221,0,57.8565,40.5998,2.99506,807.856,59.0114,139.157,45.0444,19.8414,0,200.336,145.99,2.07192,547.531,200.432,309.849,228.066,5.68342,0,0.480615,0.532006,0.713288,657.702,1.18125,41.7944,1.96654,
124,726.764,1190.59,1647.16,0.610425,14.8685,0,60.5876,55.9896,3.05947,795.667,61.7154,137.28,61.4188,19.7527,0,256.717,213.497,2.17794,544.166,258.425,339.705,223.227,9.50084,0,0.480615,0.532006,0.762065,658.595,1.18125,41.7944,1.9322,
125,726.648,995.029,1082.14,0.730279,12.9351,0,37.8107,33.5391,2.76535,743.03,38.8182,90.7317,35.3985,14.5173,0,205.248,154.331,1.23913,401.904,207.839,190.3,163.269,9.42228,0,0.480615,0.532006,0.762065,658.595,1.18125,41.7944,1.9322,
126,726.359,1567.73,2959.94,0.463318,16.9547,0,89.0367,71.2624,2.9172,865.354,90.2142,161.009,270.986,20.9418,0,277.107,230.208,1.45746,564.429,269.854,355.021,1985.51,9.42228,0,0.480615,0.532006,0.688092,658.595,1.18125,30.7683,1.9322,
127,726.359,1114.83,1378.76,0.651542,14.3006,0,53.5484,29.0603,2.89515,777.127,54.6181,153.441,29.8406,17.038,0,228.529,120.832,1.73916,479.759,230.634,378.647,240.793,9.42228,0,0.480615,0.532006,0.388964,658.636,0.952853,41.7944,1.9322,
128,726.359,1493.38,2197.36,0.486386,17.0899,0,95.0323,140.263,3.30575,891.379,109.216,165.058,72.0365,21.5961,0,311.663,912.06,2.91831,682.16,340.487,326.129,196.99,5.97708,0,0.480615,0.532006,0.345454,658.247,1.18125,41.7944,1.9322,
129,726.187,1175.76,1517.37,0.617634,14.6336,0,70.6609,46.2435,2.88936,788.766,71.654,136.921,43.9868,18.4642,0,258.669,194.909,1.86234,536.779,263.061,343.214,159.023,9.4035,0,0.438164,0.532006,0.573261,658.709,1.07536,41.3364,1.9322,
130,726.187,1622.22,2265.61,0.447649,20.0907,0,102.719,50.946,3.23858,933.389,103.662,217.463,190.716,27.6493,0,278.386,167.476,2.33242,753.267,278.034,447.93,1049.89,9.4035,0,0.438164,0.897821,0.573261,658.869,1.07536,43.2588,1.9322,
131,726.187,2355.88,9631.3,0.308245,12.6149,0,77.8389,55.7348,3.08308,748.433,79.6832,114.392,1264.1,14.9224,0,289.178,239.031,2.32527,438.304,297.918,286.036,8682.1,2.67028,0,0.438164,0.897821,0.573261,658.789,1.07536,20.7182,1.9322,
132,723.562,1334.95,1682.73,0.542015,16.9875,0,76.1754,47.315,3.05769,860.409,77.5103,159.107,94.3868,24.0418,0,256.864,179.002,2.04998,651.25,259.105,359.877,1164.44,9.4035,0,0.438164,0.796182,0.573261,658.869,1.07536,43.2588,1.9322,
133,723.562,1279.98,1623.3,0.565289,16.318,0,80.2297,46.6361,3.20411,842.731,81.4733,160.327,49.0655,22.3824,0,252.397,177.171,2.87896,638.655,253.625,335.398,181.812,2.60886,0,0.438164,0.796182,0.573261,639.561,1.07536,44.1184,1.9322,
134,723.562,1261.41,1589.01,0.573614,15.2249,0,77.2716,64.9824,2.78785,821.624,78.3824,137.863,63.2738,19.1412,0,257.812,245.409,1.70933,568.792,260.438,281.42,208.642,9.4035,0,0.438164,0.701063,0.571425,658.495,1.07536,43.0738,1.9322,
135,723.562,1218.24,1426.7,0.593939,16.6986,0,54.0174,17.6632,3.30524,839.748,54.634,170.881,61.2953,22.5238,0,179.517,86.4974,3.10553,597.253,180.301,388.637,214.285,8.21839,0,0.438164,0.796182,0.329475,658.495,1.07536,43.0738,1.9322,
136,723.562,1434.03,1870.04,0.504566,16.7901,0,102.296,83.0554,3.11657,855.651,100.938,187.478,84.7032,19.538,0,329.494,290.775,2.65953,525.547,316.152,408.378,231.235,9.35187,0,0.438164,0.796182,0.571425,658.495,1.07536,43.0738,1.9322,
137,723.562,1250.16,1573.75,0.578774,16.005,0,60.9102,63.9179,2.93001,837.18,63.6038,144.486,61.1307,21.8995,0,235.632,218.08,2.14941,616.817,243.373,347.547,183.89,9.35187,0,0.438164,0.796182,0.571425,658.495,1.07536,44.2203,1.9322,
138,723.562,1204.86,1465.23,0.600537,15.8795,0,61.2225,34.4583,2.65387,820.713,61.9021,136.669,71.3609,21.9646,0,218.532,133.212,1.05785,601.338,218.809,327.397,223.07,9.34294,0,0.438164,0.693189,0.571425,658.495,1.07536,44.2203,1.9322,
139,723.562,1196.33,2066.33,0.604818,12.1721,0,44.847,57.8697,2.89334,741.616,46.7568,127.914,162.261,12.785,0,203.328,226.731,2.05608,387.271,207.279,308.361,1343.9,8.4115,0,0.438164,0.796182,0.408099,658.495,1.07536,44.2203,1.9322,
140,723.562,1173.63,1500.22,0.616514,15.6095,0,41.5195,43.6133,2.76289,826.971,42.9707,153.515,46.6725,22.252,0,183.463,203.254,1.40806,622.571,190.314,341.987,215.014,0.315173,0,0.438164,0.796182,0.210392,658.495,1.07536,44.2203,1.9322,
141,723.503,1529.96,2613.51,0.472891,17.3977,0,93.2195,61.9874,3.05642,871.748,94.2612,202.133,186.154,23.0749,0,279.822,171.518,2.22214,645.828,280.479,431.255,1325.05,9.35187,0,0.438164,0.796182,0.297989,658.495,1.07536,44.2203,1.9322,
142,723.503,1288.38,1491.69,0.561561,17.6022,0,78.0963,29.0222,2.9832,863.277,78.8016,174.386,44.2109,23.7148,0,267.769,110.36,2.39567,639.359,270.886,384.882,206.468,9.35187,0,0.438164,0.794811,0.297989,658.495,1.07536,45.3211,1.9322,
143,723.503,1204.08,1620.16,0.600877,14.0007,0,79.7743,60.8262,2.77781,795.433,80.9688,115.22,55.0785,18.1507,0,286.486,229.384,1.59651,548.014,289.08,256.907,196.145,6.15448,0,0.438164,0.794811,0.297989,658.495,1.07536,43.8492,1.9322,
144,723.503,1241.5,1711.84,0.582764,15.9966,0,66.0865,53.1509,2.78374,829.432,67.034,137.592,69.4269,23.8086,0,237.314,193.727,1.28048,651.679,241.283,310.691,231.918,1.24042,0,0.383995,0.794811,0.297989,658.495,0.669427,44.9665,1.9322,
145,723.503,1161.19,1406.77,0.623072,14.74,0,68.1592,49.0501,2.58061,795.909,69.0447,121.15,40.554,19.4024,0,255.167,187.393,1.86174,538.854,255.168,266.285,168.733,9.35187,0,0.383995,0.794811,0.0316362,658.529,0.669427,44.3089,1.89869,
146,723.503,1202.76,1664.28,0.601535,15.8949,0,54.7517,43.8281,2.68317,826.865,56.2488,127.247,75.2424,23.675,0,229.424,223.936,1.55453,669.642,236.136,297.594,414.046,9.35187,0,0.383995,0.794811,0.0316362,657.416,0.669427,44.9665,1.9322,
147,723.503,1400.8,3008.17,0.516493,13.25,0,62.2316,43.0007,2.72896,766.078,63.7835,135.18,314.547,13.7625,0,235.709,199.429,2.05542,423.704,239.797,317.585,2109.14,3.67256,0,0.383995,0.794811,0.0316362,658.703,0.669427,44.9665,1.9322,
148,723.229,1208.93,1697.72,0.59824,15.0481,0,74.9075,58.3683,2.74131,813.872,76.3397,132.444,35.2068,20.371,0,302.808,240.836,2.27947,583.453,305.798,298.201,315.065,7.71586,0,0.383995,0.794811,0.0316362,658.703,0.669427,44.9665,1.88977,
149,723.229,1338.05,2305.48,0.54051,15.8106,0,50.8178,44.807,2.67844,825.376,53.6601,146.974,197.925,22.9177,0,180.1,159.006,2.28014,640.779,187.702,338.317,1574.57,7.38042,0,0.383995,0.794811,0.0211785,656.984,0.669427,44.9665,1.89245,
150,723.229,1210.31,1594.53,0.597557,12.6812,0,71.4988,56.2355,2.69241,789.064,75.5272,129.049,73.562,10.9162,0,231.172,264.394,2.50778,597.702,247.215,306.089,312.829,9.35187,0,0.383995,0.794811,0.0316362,658.703,0.669427,44.9665,1.93379,
151,723.229,1414.72,2694.37,0.511216,14.4197,0,52.168,36.1288,2.65204,797.55,53.0126,130.428,328.363,16.5683,0,183.229,144.933,2.53196,461.434,187.537,292.291,1788.56,9.35187,0,0.383995,0.794811,0.0316362,658.505,0.669427,44.9665,1.9323,
152,723.229,1235.98,1710.71,0.585144,15.3384,0,64.4076,63.1869,2.55021,859.283,68.0337,122.843,40.3412,22.1789,0,235.521,273.214,2.47462,783.493,246.89,271.061,288.069,9.35187,0,0.383995,0.794811,0.0148199,658.703,0.669427,44.9665,1.86479,
153,723.229,1376.88,2579.28,0.525268,14.4365,0,70.8027,36.2331,2.6782,789.998,72.6921,152.72,237.316,17.2053,0,243.796,162.506,2.81855,471.797,244.197,356.086,1811.72,7.54868,0,0.383995,0.796182,0.0142164,658.703,0.669427,44.7949,1.95275,
154,723.229,1151.24,1588.27,0.628216,14.1668,0,66.4832,51.1182,2.30041,790.798,68.148,117.543,40.6844,18.4173,0,299.345,258.5,1.94655,565.255,306.124,288.636,266.567,9.35187,0,0.383995,0.55801,0.0142164,657.958,0.669427,44.5309,1.95275,
155,723.229,1490.77,2391.72,0.485137,17.3255,0,93.246,48.2363,2.47378,862.936,94.1334,170.547,201.874,23.4414,0,290.531,167.691,1.82695,610.84,285.824,375.186,1474.9,9.35187,0,0.383995,0.796182,0.0142164,658.631,0.669427,44.9665,1.95275,
156,723.229,1515.21,2791.58,0.477313,16.7886,0,103.365,59.7377,2.2945,846.075,104.312,128.35,254.286,21.7585,0,301.004,210.862,1.79677,585.475,299.832,272.78,1870.46,9.35187,0,0.383995,0.796182,0.0142164,658.703,0.669427,44.9665,1.95275,
157,722.623,1410.29,2339.15,0.512392,17.0402,0,69.7241,65.3592,2.47066,871.853,72.2711,177.926,133.649,25.0176,0,263.089,281.332,2.45664,794.874,273.148,402.334,917.054,9.35187,0,0.338491,0.796182,0.0142164,658.703,0.669427,44.9665,1.85616,
158,722.623,1357.54,2257.3,0.532304,15.4126,0,76.7562,37.9999,2.44137,820.052,77.7304,152.437,174.707,20.3513,0,268.024,172.169,2.31117,573.962,268.45,349.473,1311.2,9.2962,0,0.338491,0.788468,0.0142164,658.509,0.669427,44.9665,1.95113,
159,722.623,1368.63,2542.73,0.527991,14.8576,0,54.6713,32.1528,2.00097,800.868,55.4678,131.904,276.704,19.3942,0,234.848,144.004,1.43546,531.104,238.118,318.968,1685.8,9.35187,0,0.338491,0.624247,0.0142164,658.509,0.669427,44.9665,1.95113,
160,722.623,1498.31,2624.69,0.482293,16.1966,0,78.0554,48.8034,2.22487,853.21,78.9921,186.483,234.339,22.1056,0,284.66,227.725,2.18489,615.519,287.145,408.547,1611.78,2.46328,0,0.338491,0.624247,0.0142164,658.509,0.669427,44.936,1.95113,
161,722.623,1656.35,7347.03,0.436275,12.7733,0,46.9366,25.414,1.944,735.85,47.5953,109.622,676.21,15.8179,0,245.563,148.249,1.88823,429.318,245.944,294.555,6440.66,9.35187,0,0.338491,0.624247,0.0142164,658.509,0.669427,44.5802,1.81955,
162,722.623,1394.44,2335.75,0.518218,14.8939,0,71.9179,62.535,2.36816,800.595,73.4932,175.975,192.66,18.9382,0,236.47,203.319,2.65634,519.113,235.005,407.246,1454.41,9.35187,0,0.338491,0.624247,0.0142164,658.509,0.669427,44.936,1.91094,
163,721.583,1663.01,4092.53,0.433902,15.6637,0,53.3768,18.3976,1.85968,815.231,53.94,163.567,540.974,20.7801,0,193.427,89.3078,2.16405,553.837,197.021,367.718,3308.16,7.06731,0,0.338491,0.624247,0.0142164,658.509,0.669427,44.936,1.88823,
164,721.583,1182.2,1565.5,0.610375,15.4594,0,43.5342,44.1244,2.04287,821.668,45.7242,165.954,43.6891,22.8609,0,158.349,166.438,1.99627,635.593,168.012,404.763,523.405,9.35187,0,0.338491,0.624247,0.0142164,658.509,0.669427,44.936,1.90844,
165,721.583,1522.98,2557.66,0.473798,17.5425,0,91.1936,86.2689,2.39615,887.552,96.0101,141.47,200.543,25.2542,0,276.491,262.733,3.15276,753.739,287.314,312.839,1316.03,9.39045,0,0.338491,0.624247,0.0142164,658.509,0.669427,44.936,1.91094,
166,721.583,10905.5,94160.8,0.0661667,17.274,0,76.4151,37.2052,2.10195,861.354,77.3515,191.657,9642.17,22.6014,0,222.835,158.807,2.47039,601.023,226.136,425.875,93560,9.38455,0,0.338491,0.624247,0.0142164,658.509,0.669427,44.936,1.91094,
167,721.583,1623.08,4156.66,0.444578,15.9934,0,86.2108,16.6222,2.32048,807.276,86.7356,145.61,462.307,19.3979,0,253.537,67.3619,3.5554,473.507,250.892,336.712,8272.26,9.38455,0,0.338491,0.624247,0.0142164,658.502,0.669427,44.0735,1.91094,
168,721.522,1402.59,4131.1,0.51442,12.7891,0,42.7874,41.7829,1.86558,755.676,44.1303,95.4341,408.126,12.4837,0,187.776,196.99,2.38979,379.201,197.578,210.933,3704.59,9.38455,0,0.338491,0.624247,0.0142164,658.509,0.669427,44.936,1.91094,
169,721.522,1320.59,2580.13,0.546364,11.8652,0,73.0747,54.9769,1.59387,730.633,74.4682,138.234,235.742,8.95357,0,293.439,221.97,1.96023,321.022,297.433,317.66,1562.81,9.38455,0,0.338491,0.624247,0.0142164,650.678,0.83726,45.1228,1.91094,
170,721.522,1250.01,2397.79,0.577211,13.8398,0,60.3747,31.313,1.44069,775.513,61.0351,120.233,186.264,18.8828,0,239.553,147.437,1.71897,515.97,241.977,298.144,1473.09,3.66895,0,0.338491,0.775007,0.0142164,658.509,0.83726,44.9914,1.91094,
171,721.522,1357.32,1662.86,0.531579,15.8892,0,87.0008,62.7594,1.84778,837.793,90.2099,184.244,77.5743,19.7632,0,243.274,196.842,2.59479,523.875,254.583,408.1,268.799,9.1841,0,0.338491,0.775007,0.0142164,657.979,0.83726,8.40546,1.91094,
172,721.522,994.684,1036.09,0.725378,12.463,0,35.2086,15.4635,1.31751,731.715,35.8477,122.012,40.6573,11.9996,0,176.061,88.6698,1.81954,318.775,180.27,324.321,202.589,9.38455,0,0.338491,0.775007,0.0142164,658.509,0.83726,45.1228,1.91094,
173,721.522,2726.86,17371.7,0.264598,13.7827,0,44.6516,17.8655,1.28816,768.582,45.1796,104.401,1731.11,17.9223,0,189.306,69.2248,1.70565,474.827,188.254,261.666,16901.3,9.38455,0,0.338491,0.775007,0.0142164,658.509,0.83726,45.1228,1.91094,
174,721.522,1157.31,1409.49,0.623446,14.6973,0,57.0975,41.0756,1.37471,799.73,58.0251,129.187,56.1244,18.6615,0,196.171,163.117,2.13474,523.713,197.424,318.819,1167.85,9.36334,0,0.338491,0.74752,0.0142164,658.509,0.83726,45.1228,1.91094,
175,721.316,1378.81,2821.81,0.523143,13.6546,0,59.0676,48.961,1.33873,772.746,60.3648,125.758,296.922,16.6567,0,239.421,204.767,2.22954,496.318,246.375,327.117,1776.17,9.38455,0,0.338491,0.775007,0.0142164,658.509,0.83726,45.1228,1.91094,
176,721.316,1336.67,1779.77,0.539637,14.6398,0,104.887,64.577,1.29494,804.881,105.984,177.78,62.6259,18.1161,0,308.145,225.92,2.05713,531.247,299.143,390.372,425.2,5.80893,0,0.338491,0.775007,0.0167091,658.509,0.83726,45.1228,1.91094,
177,721.022,1560.32,4757.8,0.462099,11.853,0,58.918,42.6315,1.29205,738.547,60.5894,118.521,527.966,11.0302,0,229.739,198.67,2.50043,349.582,235.015,313.296,4050.42,4.94765,0,0.338491,0.775007,0.00574049,658.509,0.83726,45.1228,1.90341,
178,721.022,1479.6,2677.79,0.487309,16.2827,0,60.1302,52.2107,1.29862,844.204,60.9584,185.532,258.982,23.1623,0,191.139,192.231,2.31566,609.207,191.18,414.11,1783.77,5.19358,0,0.338491,0.775007,0.00574049,658.509,0.83726,45.1228,1.90341,
179,721.022,1117.3,1231.5,0.645324,14.9775,0,49.2595,34.0711,1.40903,805.511,49.9568,132.702,29.4149,20.181,0,184.074,166.604,3.26541,552.927,186.259,307.12,193.969,9.39045,0,0.338491,0.775007,0.00574049,658.535,0.83726,45.1228,1.90341,
180,720.682,1187.44,1553,0.60692,16.2514,0,51.652,34.7525,1.07037,837.875,52.4767,150.74,42.6239,23.2985,0,221.301,148.304,2.13371,634.702,222.002,367.798,157.476,9.39045,0,0.321335,0.733734,0.00574049,658.506,0.652355,45.2539,1.90341,
181,720.136,1150.77,1399.89,0.625787,14.2883,0,59.5134,31.9769,1.05382,786.875,60.99,135.512,60.5587,18.5717,0,223.893,140.873,2.25563,502.281,226.389,326.875,226.983,6.38119,0,0.321335,0.733734,0.00574049,658.506,0.652355,45.2539,1.90341,
182,720.136,1334.96,2466.36,0.539445,15.2891,0,62.8131,25.2228,0.915509,809.906,64.3629,129.019,227.429,20.8827,0,215.806,106.062,2.00509,563.979,218.164,326.047,1372.96,9.43868,0,0.321335,0.733734,0.00397275,658.506,0.652355,45.2539,1.90341,
183,720.06,1057.1,1243.51,0.681168,11.8071,0,49.2962,22.4814,0.666551,717.123,49.9771,139.004,66.7402,11.1292,0,187.222,112.428,1.13182,281.181,188.985,354.556,465.049,7.59278,0,0.321335,0.733734,0.00397275,658.506,0.652355,45.2539,1.90341,
184,720.06,1427.24,2485.06,0.504513,16.7488,0,83.8262,77.8378,1.02469,906.59,86.6489,120.829,133.732,25.5553,0,339.868,317.64,2.295,858.034,351.987,266.932,851.981,9.47246,0,0.321335,0.733734,0.00397275,658.506,0.652355,45.2539,1.90341,
185,720.06,1229.6,2443.01,0.585604,13.3958,0,60.4888,33.5077,0.994784,758.879,61.3562,99.8489,201.132,17.0422,0,216.251,134.287,2.32092,458.473,215.432,207.678,1750.27,3.73944,0,0.321335,0.733734,0.00397275,658.248,0.652355,45.2539,1.90341,
186,720.06,1288.53,2451.27,0.558822,14.5526,0,32.8502,29.3704,0.918238,796.208,33.4408,144.119,237.072,20.9491,0,130.468,114.456,2.57624,574.069,127.342,364.472,1524.72,9.46125,0,0.321335,0.733734,0.00397275,658.248,0.652355,45.2539,1.90341,
187,720.06,1505.88,2804.57,0.478164,14.7274,0,77.3915,60.7529,1.09751,808.645,78.4331,175.647,289.189,17.3477,0,273.673,233.189,2.3834,497.048,273.385,377.241,1771.88,9.46125,0,0.321335,0.733734,0.00397275,658.248,0.652355,45.2539,1.90341,
188,720.06,1421.85,1859.75,0.506424,17.0006,0,108.167,64.1818,0.974172,875.638,110.475,176.79,68.6239,21.1714,0,302.777,246.791,2.39504,593.379,305.812,397.211,307.559,9.46125,0,0.321335,0.733734,0.00397275,658.248,0.652355,45.2938,1.90341,
189,720.06,1900.93,6554.33,0.378793,17.7614,0,84.5006,62.525,1.10425,896.588,86.5925,134.988,616.873,25.9451,0,323.176,291.979,2.69024,742.369,335.333,278.647,5347.39,2.53234,0,0.281052,0.733734,0.00397275,658.248,0.471368,45.2938,1.90341,
190,719.977,1401.25,2351.12,0.513809,15.3571,0,92.5667,59.3721,0.873586,820.617,94.6107,124.465,193.39,19.2713,0,294.743,199.112,1.96952,512.308,300.141,251.862,1395.67,9.46125,0,0.321335,0.733734,0.00397275,658.248,0.652355,45.2938,1.90341,
191,719.977,1221.86,1496.79,0.589247,14.7734,0,78.799,57.8053,1.19012,801.942,79.9403,122.497,64.9118,17.6149,0,273.73,197.686,2.90092,478.055,275.341,274.034,233.979,9.46125,0,0.321335,0.733734,0.00397275,658.248,0.652355,45.2938,1.90341,
192,719.69,1217.22,1401.22,0.591258,15.2849,0,69.4357,32.5492,1.17784,810.811,70.1147,177.561,40.283,21.2812,0,219.5,108.677,2.92849,570.903,221.361,391.686,133.14,6.21969,0,0.321335,0.733734,0.00397275,596.355,0.652355,45.2938,1.90341,
193,719.69,2119.34,7485.17,0.339582,18.3838,0,88.6413,74.9585,1.1931,902.191,89.9707,191.182,752.821,27.5642,0,290.102,273.059,2.84227,761.411,288.635,407.792,6945.03,9.11367,0,0.321335,0.733734,0.00397275,658.248,0.652355,45.5274,1.91382,
194,719.69,2852.6,9857.45,0.252293,18.7031,0,61.7849,40.2973,0.747747,905.618,62.3867,153.423,1609.64,28.6535,0,231.593,168.475,1.69366,778.079,231.71,362.886,8816.45,9.46125,0,0.321335,0.710905,0.00397275,658.248,0.652355,45.5274,1.91382,
195,719.69,2667.96,9055.82,0.269753,17.9138,0,122.604,86.9393,1.03774,912.649,126.033,204.287,1196.5,23.6956,0,348.862,322.906,2.08885,712.068,342.569,424.571,8311.7,9.46125,0,0.321335,0.733734,0.00397275,612.455,0.652355,45.5274,1.91382,
196,719.69,1204.96,1939.65,0.597271,14.26,0,46.4769,32.6025,0.608059,786.396,47.2593,106.07,171.292,18.0376,0,182.645,138.657,1.29337,494.234,193.7,231.383,1636.24,9.46125,0,0.321335,0.733734,0.00397275,658.248,0.652355,45.5274,1.91382,
197,719.69,1262.81,2437.1,0.569913,13.182,0,69.8778,57.7888,1.04773,772.182,70.9551,146.813,130.961,14.3314,0,294.208,256.349,3.07907,455.936,302.801,374.031,1008.41,9.46125,0,0.321335,0.726334,0.00397275,658.248,0.652355,45.5274,1.91382,
198,719.69,1303.25,1939.85,0.552228,15.9802,0,68.0669,48.3658,1.13425,830.824,68.856,162.734,107.287,22.4036,0,226.743,178.272,2.76382,609.377,227.226,350.524,821.746,9.46125,0,0.321335,0.733734,0.00397275,658.248,0.652355,45.761,1.87751,
199,719.69,1142.74,1328.01,0.629791,14.343,0,57.1004,41.3581,0.703607,798.7,58.1598,127.46,44.9187,18.4253,0,215.078,178.493,1.75514,508.443,216.354,278.282,155.883,2.04251,0,0.321335,0.733734,0.00397275,658.248,0.652355,45.761,1.91273,
200,719.69,1410.93,2137.98,0.510083,17.6955,0,55.8222,31.8005,0.783148,880.52,56.4572,160.289,207.56,26.5785,0,207.959,117.935,1.77769,726.928,207.869,362.544,931.839,9.46125,0,0.321335,0.733734,0.00397275,658.248,0.652355,45.761,1.91273,
